reference_area,ref_area,series,decade,var,value
Australia,AUS,contr_total,1950-59,mean,NA
Australia,AUS,contr_total,1950-59,sd,NA
Australia,AUS,contr_total,1960-69,mean,2.9068380685162354
Australia,AUS,contr_total,1960-69,sd,1.6914148332853007
Australia,AUS,contr_total,1970-79,mean,10.650735165920048
Australia,AUS,contr_total,1970-79,sd,4.657729431357092
Australia,AUS,contr_total,1980-89,mean,8.492842669541597
Australia,AUS,contr_total,1980-89,sd,2.227786788547335
Australia,AUS,contr_total,1990-99,mean,1.7436057568667578
Australia,AUS,contr_total,1990-99,sd,1.434473794055925
Australia,AUS,contr_total,2000-09,mean,3.922551365188433
Australia,AUS,contr_total,2000-09,sd,1.854666362539158
Australia,AUS,contr_total,2010-19,mean,2.0986322978429746
Australia,AUS,contr_total,2010-19,sd,2.521651738124618
Australia,AUS,contr_total,2020-,mean,-3.1064664560531488
Australia,AUS,contr_total,2020-,sd,27.74321367996495
Australia,AUS,contr_unit_labor_cost,1950-59,mean,NA
Australia,AUS,contr_unit_labor_cost,1950-59,sd,NA
Australia,AUS,contr_unit_labor_cost,1960-69,mean,1.6739271916003293
Australia,AUS,contr_unit_labor_cost,1960-69,sd,1.1461084901797665
Australia,AUS,contr_unit_labor_cost,1970-79,mean,6.0686580789209
Australia,AUS,contr_unit_labor_cost,1970-79,sd,4.250290709028555
Australia,AUS,contr_unit_labor_cost,1980-89,mean,3.913358250562556
Australia,AUS,contr_unit_labor_cost,1980-89,sd,2.4829182199357103
Australia,AUS,contr_unit_labor_cost,1990-99,mean,0.9620293091162164
Australia,AUS,contr_unit_labor_cost,1990-99,sd,1.2414134844318134
Australia,AUS,contr_unit_labor_cost,2000-09,mean,1.6027654802631632
Australia,AUS,contr_unit_labor_cost,2000-09,sd,0.9087771782082562
Australia,AUS,contr_unit_labor_cost,2010-19,mean,0.992290872355932
Australia,AUS,contr_unit_labor_cost,2010-19,sd,0.9480745951497553
Australia,AUS,contr_unit_labor_cost,2020-,mean,2.143346970548138
Australia,AUS,contr_unit_labor_cost,2020-,sd,1.2621772909486813
Australia,AUS,contr_unit_profit,1950-59,mean,NA
Australia,AUS,contr_unit_profit,1950-59,sd,NA
Australia,AUS,contr_unit_profit,1960-69,mean,1.0687330521527725
Australia,AUS,contr_unit_profit,1960-69,sd,1.6094238514051726
Australia,AUS,contr_unit_profit,1970-79,mean,3.5014713246549385
Australia,AUS,contr_unit_profit,1970-79,sd,2.3682457732085087
Australia,AUS,contr_unit_profit,1980-89,mean,3.574032951464228
Australia,AUS,contr_unit_profit,1980-89,sd,1.8690075059624434
Australia,AUS,contr_unit_profit,1990-99,mean,0.5556572174314504
Australia,AUS,contr_unit_profit,1990-99,sd,0.9831122470058504
Australia,AUS,contr_unit_profit,2000-09,mean,1.9886141980621677
Australia,AUS,contr_unit_profit,2000-09,sd,1.6341458845425527
Australia,AUS,contr_unit_profit,2010-19,mean,0.8837176836319204
Australia,AUS,contr_unit_profit,2010-19,sd,1.9691656246610338
Australia,AUS,contr_unit_profit,2020-,mean,2.338159316746164
Australia,AUS,contr_unit_profit,2020-,sd,3.9174675144526403
Australia,AUS,contr_unit_tax,1950-59,mean,NA
Australia,AUS,contr_unit_tax,1950-59,sd,NA
Australia,AUS,contr_unit_tax,1960-69,mean,0.16417782476313378
Australia,AUS,contr_unit_tax,1960-69,sd,0.38816048484863686
Australia,AUS,contr_unit_tax,1970-79,mean,1.0806057623442096
Australia,AUS,contr_unit_tax,1970-79,sd,0.8348964480829273
Australia,AUS,contr_unit_tax,1980-89,mean,1.0054514675148118
Australia,AUS,contr_unit_tax,1980-89,sd,0.5517176341430894
Australia,AUS,contr_unit_tax,1990-99,mean,0.22591923031909092
Australia,AUS,contr_unit_tax,1990-99,sd,0.32372662353890175
Australia,AUS,contr_unit_tax,2000-09,mean,0.3311716868631024
Australia,AUS,contr_unit_tax,2000-09,sd,0.554642237670085
Australia,AUS,contr_unit_tax,2010-19,mean,0.2226237418551221
Australia,AUS,contr_unit_tax,2010-19,sd,0.24680841706363885
Australia,AUS,contr_unit_tax,2020-,mean,-7.587972743347451
Australia,AUS,contr_unit_tax,2020-,sd,24.8795278417244
Australia,AUS,inflation_cpi,1950-59,mean,NA
Australia,AUS,inflation_cpi,1950-59,sd,NA
Australia,AUS,inflation_cpi,1960-69,mean,2.4743062370088253
Australia,AUS,inflation_cpi,1960-69,sd,1.5427377617488813
Australia,AUS,inflation_cpi,1970-79,mean,9.807997168689424
Australia,AUS,inflation_cpi,1970-79,sd,4.206863036937432
Australia,AUS,inflation_cpi,1980-89,mean,8.409410110780993
Australia,AUS,inflation_cpi,1980-89,sd,2.2331991414497536
Australia,AUS,inflation_cpi,1990-99,mean,2.510930510356633
Australia,AUS,inflation_cpi,1990-99,sd,2.159401421920023
Australia,AUS,inflation_cpi,2000-09,mean,3.1647104667118646
Australia,AUS,inflation_cpi,2000-09,sd,1.2262387716728258
Australia,AUS,inflation_cpi,2010-19,mean,2.11826974639874
Australia,AUS,inflation_cpi,2010-19,sd,0.6762985874318488
Australia,AUS,inflation_cpi,2020-,mean,3.950596341617574
Australia,AUS,inflation_cpi,2020-,sd,2.412731850111734
Australia,AUS,inflation_def,1950-59,mean,NA
Australia,AUS,inflation_def,1950-59,sd,NA
Australia,AUS,inflation_def,1960-69,mean,2.9152246858378015
Australia,AUS,inflation_def,1960-69,sd,1.8620940828965693
Australia,AUS,inflation_def,1970-79,mean,10.275944301037379
Australia,AUS,inflation_def,1970-79,sd,4.2716053623644195
Australia,AUS,inflation_def,1980-89,mean,8.224280129347624
Australia,AUS,inflation_def,1980-89,sd,2.177053116236291
Australia,AUS,inflation_def,1990-99,mean,1.7788187919064191
Australia,AUS,inflation_def,1990-99,sd,1.4764112215457421
Australia,AUS,inflation_def,2000-09,mean,3.821279734216247
Australia,AUS,inflation_def,2000-09,sd,1.8455979769629456
Australia,AUS,inflation_def,2010-19,mean,2.0488790650277484
Australia,AUS,inflation_def,2010-19,sd,2.441423605462009
Australia,AUS,inflation_def,2020-,mean,4.482930893732236
Australia,AUS,inflation_def,2020-,sd,2.921645588046009
Austria,AUT,contr_total,1990-99,mean,0.7929582875120393
Austria,AUT,contr_total,1990-99,sd,0.7840539401303475
Austria,AUT,contr_total,2000-09,mean,1.8256059970174319
Austria,AUT,contr_total,2000-09,sd,0.8645637128550786
Austria,AUT,contr_total,2010-19,mean,1.6936493167544113
Austria,AUT,contr_total,2010-19,sd,0.7849880114170347
Austria,AUT,contr_total,2020-,mean,4.952284139060631
Austria,AUT,contr_total,2020-,sd,2.1028062000965377
Austria,AUT,contr_unit_labor_cost,1990-99,mean,-0.11860489009506638
Austria,AUT,contr_unit_labor_cost,1990-99,sd,0.33024507045619933
Austria,AUT,contr_unit_labor_cost,2000-09,mean,0.6726667832536558
Austria,AUT,contr_unit_labor_cost,2000-09,sd,0.8213737834308397
Austria,AUT,contr_unit_labor_cost,2010-19,mean,0.9106756530854255
Austria,AUT,contr_unit_labor_cost,2010-19,sd,0.5490171236767158
Austria,AUT,contr_unit_labor_cost,2020-,mean,2.6992236622504495
Austria,AUT,contr_unit_labor_cost,2020-,sd,2.5480659992361914
Austria,AUT,contr_unit_profit,1990-99,mean,0.5165415610173967
Austria,AUT,contr_unit_profit,1990-99,sd,0.696294733037419
Austria,AUT,contr_unit_profit,2000-09,mean,0.9453106152705573
Austria,AUT,contr_unit_profit,2000-09,sd,1.1096623886941153
Austria,AUT,contr_unit_profit,2010-19,mean,0.590319467937437
Austria,AUT,contr_unit_profit,2010-19,sd,0.7382240359124702
Austria,AUT,contr_unit_profit,2020-,mean,1.0059390341582246
Austria,AUT,contr_unit_profit,2020-,sd,2.2993792697809683
Austria,AUT,contr_unit_tax,1990-99,mean,0.39502161658970897
Austria,AUT,contr_unit_tax,1990-99,sd,0.44663794539129625
Austria,AUT,contr_unit_tax,2000-09,mean,0.20762859849321877
Austria,AUT,contr_unit_tax,2000-09,sd,0.31354959385190345
Austria,AUT,contr_unit_tax,2010-19,mean,0.19265419573154885
Austria,AUT,contr_unit_tax,2010-19,sd,0.27047274472640537
Austria,AUT,contr_unit_tax,2020-,mean,1.2471214426519575
Austria,AUT,contr_unit_tax,2020-,sd,2.942047157528063
Austria,AUT,inflation_cpi,1990-99,mean,1.1654569718100167
Austria,AUT,inflation_cpi,1990-99,sd,0.6098613795831171
Austria,AUT,inflation_cpi,2000-09,mean,1.9862365572344254
Austria,AUT,inflation_cpi,2000-09,sd,0.8455341843457532
Austria,AUT,inflation_cpi,2010-19,mean,1.8591651684444366
Austria,AUT,inflation_cpi,2010-19,sd,0.7175737998490459
Austria,AUT,inflation_cpi,2020-,mean,4.844731175471331
Austria,AUT,inflation_cpi,2020-,sd,3.312043572670164
Austria,AUT,inflation_def,1990-99,mean,0.7193794204785691
Austria,AUT,inflation_def,1990-99,sd,0.6865509362315734
Austria,AUT,inflation_def,2000-09,mean,1.7806248478469529
Austria,AUT,inflation_def,2000-09,sd,0.8593511842620463
Austria,AUT,inflation_def,2010-19,mean,1.6747558497762969
Austria,AUT,inflation_def,2010-19,sd,0.7839724297822395
Austria,AUT,inflation_def,2020-,mean,3.750672697704811
Austria,AUT,inflation_def,2020-,sd,2.16374170620013
Belgium,BEL,contr_total,1990-99,mean,0.9410363773264978
Belgium,BEL,contr_total,1990-99,sd,0.6952738027987654
Belgium,BEL,contr_total,2000-09,mean,1.9013922113830635
Belgium,BEL,contr_total,2000-09,sd,0.48797192790166116
Belgium,BEL,contr_total,2010-19,mean,1.7353584919844514
Belgium,BEL,contr_total,2010-19,sd,0.5510442042765006
Belgium,BEL,contr_total,2020-,mean,3.8691768687507806
Belgium,BEL,contr_total,2020-,sd,2.2279672289203716
Belgium,BEL,contr_unit_labor_cost,1990-99,mean,0.5012702151876488
Belgium,BEL,contr_unit_labor_cost,1990-99,sd,0.5490632147938275
Belgium,BEL,contr_unit_labor_cost,2000-09,mean,1.0872022686401834
Belgium,BEL,contr_unit_labor_cost,2000-09,sd,1.169106311563814
Belgium,BEL,contr_unit_labor_cost,2010-19,mean,0.5563799256514282
Belgium,BEL,contr_unit_labor_cost,2010-19,sd,0.7065835277106923
Belgium,BEL,contr_unit_labor_cost,2020-,mean,1.8754702037529878
Belgium,BEL,contr_unit_labor_cost,2020-,sd,1.4561887024647084
Belgium,BEL,contr_unit_profit,1990-99,mean,0.06349848458122738
Belgium,BEL,contr_unit_profit,1990-99,sd,0.8393052847205412
Belgium,BEL,contr_unit_profit,2000-09,mean,0.7826812231930738
Belgium,BEL,contr_unit_profit,2000-09,sd,1.0939808171305447
Belgium,BEL,contr_unit_profit,2010-19,mean,1.0062250649471982
Belgium,BEL,contr_unit_profit,2010-19,sd,0.6010351334698866
Belgium,BEL,contr_unit_profit,2020-,mean,1.769557347659322
Belgium,BEL,contr_unit_profit,2020-,sd,1.6961205447881826
Belgium,BEL,contr_unit_tax,1990-99,mean,0.3762676775576216
Belgium,BEL,contr_unit_tax,1990-99,sd,0.2642159374698987
Belgium,BEL,contr_unit_tax,2000-09,mean,0.03150871954980623
Belgium,BEL,contr_unit_tax,2000-09,sd,0.29928337322538123
Belgium,BEL,contr_unit_tax,2010-19,mean,0.17275350138582493
Belgium,BEL,contr_unit_tax,2010-19,sd,0.3795356461997354
Belgium,BEL,contr_unit_tax,2020-,mean,0.22414931733847088
Belgium,BEL,contr_unit_tax,2020-,sd,1.0765439662157608
Belgium,BEL,inflation_cpi,1990-99,mean,1.4442253878120122
Belgium,BEL,inflation_cpi,1990-99,sd,0.5493125199255252
Belgium,BEL,inflation_cpi,2000-09,mean,2.1193351442358557
Belgium,BEL,inflation_cpi,2000-09,sd,1.2366067223099133
Belgium,BEL,inflation_cpi,2010-19,mean,1.8175896150825852
Belgium,BEL,inflation_cpi,2010-19,sd,1.0543788047619627
Belgium,BEL,inflation_cpi,2020-,mean,4.093753562568275
Belgium,BEL,inflation_cpi,2020-,sd,3.5753130343648567
Belgium,BEL,inflation_def,1990-99,mean,0.9089789116766404
Belgium,BEL,inflation_def,1990-99,sd,0.699330441623532
Belgium,BEL,inflation_def,2000-09,mean,1.8380079653235604
Belgium,BEL,inflation_def,2000-09,sd,0.49705821361918806
Belgium,BEL,inflation_def,2010-19,mean,1.7027065561016175
Belgium,BEL,inflation_def,2010-19,sd,0.5509412897483241
Belgium,BEL,inflation_def,2020-,mean,3.681533206621912
Belgium,BEL,inflation_def,2020-,sd,2.3045798786140317
Canada,CAN,contr_total,1980-89,mean,4.953694585124384
Canada,CAN,contr_total,1980-89,sd,1.874069929411492
Canada,CAN,contr_total,1990-99,mean,1.8211950600540943
Canada,CAN,contr_total,1990-99,sd,1.137097066563741
Canada,CAN,contr_total,2000-09,mean,2.5415526475358545
Canada,CAN,contr_total,2000-09,sd,2.2343206143553047
Canada,CAN,contr_total,2010-19,mean,1.7229810637822265
Canada,CAN,contr_total,2010-19,sd,1.2791681377397486
Canada,CAN,contr_total,2020-,mean,5.313556262097318
Canada,CAN,contr_total,2020-,sd,3.5770336458675276
Canada,CAN,contr_unit_labor_cost,1980-89,mean,2.376919169318819
Canada,CAN,contr_unit_labor_cost,1980-89,sd,1.6398626203459392
Canada,CAN,contr_unit_labor_cost,1990-99,mean,0.737265779098121
Canada,CAN,contr_unit_labor_cost,1990-99,sd,1.2708443999192789
Canada,CAN,contr_unit_labor_cost,2000-09,mean,1.363655892128424
Canada,CAN,contr_unit_labor_cost,2000-09,sd,0.5973449667648214
Canada,CAN,contr_unit_labor_cost,2010-19,mean,0.7453731115894159
Canada,CAN,contr_unit_labor_cost,2010-19,sd,0.7227251766198851
Canada,CAN,contr_unit_labor_cost,2020-,mean,2.3455980143177246
Canada,CAN,contr_unit_labor_cost,2020-,sd,0.59435560512216
Canada,CAN,contr_unit_profit,1980-89,mean,1.8084563851113336
Canada,CAN,contr_unit_profit,1980-89,sd,1.690512463647132
Canada,CAN,contr_unit_profit,1990-99,mean,0.822995502862272
Canada,CAN,contr_unit_profit,1990-99,sd,1.3119533566532084
Canada,CAN,contr_unit_profit,2000-09,mean,1.0424807401063463
Canada,CAN,contr_unit_profit,2000-09,sd,2.215396628823726
Canada,CAN,contr_unit_profit,2010-19,mean,0.7859028861462097
Canada,CAN,contr_unit_profit,2010-19,sd,1.5688049135125397
Canada,CAN,contr_unit_profit,2020-,mean,1.8804578388974296
Canada,CAN,contr_unit_profit,2020-,sd,2.2812089160161304
Canada,CAN,contr_unit_tax,1980-89,mean,0.7683190306942316
Canada,CAN,contr_unit_tax,1980-89,sd,0.6261202695911645
Canada,CAN,contr_unit_tax,1990-99,mean,0.26093377809370144
Canada,CAN,contr_unit_tax,1990-99,sd,0.41377716567464057
Canada,CAN,contr_unit_tax,2000-09,mean,0.13541601530108405
Canada,CAN,contr_unit_tax,2000-09,sd,0.2855991406680967
Canada,CAN,contr_unit_tax,2010-19,mean,0.19170506604660087
Canada,CAN,contr_unit_tax,2010-19,sd,0.2098953253744076
Canada,CAN,contr_unit_tax,2020-,mean,1.087500408882164
Canada,CAN,contr_unit_tax,2020-,sd,2.909871305368734
Canada,CAN,inflation_cpi,1980-89,mean,5.3142864655921676
Canada,CAN,inflation_cpi,1980-89,sd,2.2589385962319604
Canada,CAN,inflation_cpi,1990-99,mean,2.2015947508092877
Canada,CAN,inflation_cpi,1990-99,sd,1.6829807919538928
Canada,CAN,inflation_cpi,2000-09,mean,2.1167367732228843
Canada,CAN,inflation_cpi,2000-09,sd,0.9619315453274806
Canada,CAN,inflation_cpi,2010-19,mean,1.7420797684416984
Canada,CAN,inflation_cpi,2010-19,sd,0.61713172778931
Canada,CAN,inflation_cpi,2020-,mean,3.6003741678856045
Canada,CAN,inflation_cpi,2020-,sd,2.2713220572622252
Canada,CAN,inflation_def,1980-89,mean,4.837780603948008
Canada,CAN,inflation_def,1980-89,sd,1.8328603102417753
Canada,CAN,inflation_def,1990-99,mean,1.7459925382738497
Canada,CAN,inflation_def,1990-99,sd,1.10634451334797
Canada,CAN,inflation_def,2000-09,mean,2.4483474935474625
Canada,CAN,inflation_def,2000-09,sd,2.3396868448066463
Canada,CAN,inflation_def,2010-19,mean,1.6634215529147436
Canada,CAN,inflation_def,2010-19,sd,1.2903590175653301
Canada,CAN,inflation_def,2020-,mean,4.3970769011089645
Canada,CAN,inflation_def,2020-,sd,3.3697530523421086
Czechia,CZE,contr_total,1990-99,mean,7.304023226344855
Czechia,CZE,contr_total,1990-99,sd,3.5786456453069704
Czechia,CZE,contr_total,2000-09,mean,2.4615135139247437
Czechia,CZE,contr_total,2000-09,sd,1.7379838503310165
Czechia,CZE,contr_total,2010-19,mean,1.6263301307573295
Czechia,CZE,contr_total,2010-19,sd,1.3677277762564672
Czechia,CZE,contr_total,2020-,mean,6.356057088895939
Czechia,CZE,contr_total,2020-,sd,2.4762987529527583
Czechia,CZE,contr_unit_labor_cost,1990-99,mean,2.3722519925222483
Czechia,CZE,contr_unit_labor_cost,1990-99,sd,1.6717357540116458
Czechia,CZE,contr_unit_labor_cost,2000-09,mean,1.168327785692541
Czechia,CZE,contr_unit_labor_cost,2000-09,sd,0.7630366317810006
Czechia,CZE,contr_unit_labor_cost,2010-19,mean,0.983954589529853
Czechia,CZE,contr_unit_labor_cost,2010-19,sd,0.9961180602857049
Czechia,CZE,contr_unit_labor_cost,2020-,mean,2.488112820538925
Czechia,CZE,contr_unit_labor_cost,2020-,sd,0.9901041808716077
Czechia,CZE,contr_unit_profit,1990-99,mean,4.627408844954006
Czechia,CZE,contr_unit_profit,1990-99,sd,3.4330975181217993
Czechia,CZE,contr_unit_profit,2000-09,mean,1.0340701527725624
Czechia,CZE,contr_unit_profit,2000-09,sd,1.2468274739158796
Czechia,CZE,contr_unit_profit,2010-19,mean,0.42294821025762935
Czechia,CZE,contr_unit_profit,2010-19,sd,1.2001695879117449
Czechia,CZE,contr_unit_profit,2020-,mean,3.4639510549730823
Czechia,CZE,contr_unit_profit,2020-,sd,2.2409037455255887
Czechia,CZE,contr_unit_tax,1990-99,mean,0.30436238886859956
Czechia,CZE,contr_unit_tax,1990-99,sd,0.5046725713542572
Czechia,CZE,contr_unit_tax,2000-09,mean,0.25911557545964037
Czechia,CZE,contr_unit_tax,2000-09,sd,0.6049711948250689
Czechia,CZE,contr_unit_tax,2010-19,mean,0.21942733096984698
Czechia,CZE,contr_unit_tax,2010-19,sd,0.46006628757993173
Czechia,CZE,contr_unit_tax,2020-,mean,0.4039932133839319
Czechia,CZE,contr_unit_tax,2020-,sd,1.3529976005870639
Czechia,CZE,inflation_cpi,1990-99,mean,7.560989946237896
Czechia,CZE,inflation_cpi,1990-99,sd,3.673003395741562
Czechia,CZE,inflation_cpi,2000-09,mean,2.787296482166346
Czechia,CZE,inflation_cpi,2000-09,sd,1.9040454741093058
Czechia,CZE,inflation_cpi,2010-19,mean,1.690358101070469
Czechia,CZE,inflation_cpi,2010-19,sd,1.036618878926004
Czechia,CZE,inflation_cpi,2020-,mean,7.55330028853794
Czechia,CZE,inflation_cpi,2020-,sd,5.619025739148882
Czechia,CZE,inflation_def,1990-99,mean,7.119475267489008
Czechia,CZE,inflation_def,1990-99,sd,3.435581704341992
Czechia,CZE,inflation_def,2000-09,mean,2.409120311745981
Czechia,CZE,inflation_def,2000-09,sd,1.7322947385404777
Czechia,CZE,inflation_def,2010-19,mean,1.5679011442800947
Czechia,CZE,inflation_def,2010-19,sd,1.3557641237986022
Czechia,CZE,inflation_def,2020-,mean,6.109936974978161
Czechia,CZE,inflation_def,2020-,sd,2.443190262524239
Denmark,DNK,contr_total,1990-99,mean,1.820160857182238
Denmark,DNK,contr_total,1990-99,sd,0.5101188595360151
Denmark,DNK,contr_total,2000-09,mean,2.491738915972991
Denmark,DNK,contr_total,2000-09,sd,1.0724186083772764
Denmark,DNK,contr_total,2010-19,mean,1.218476311112954
Denmark,DNK,contr_total,2010-19,sd,1.0840997836025368
Denmark,DNK,contr_total,2020-,mean,2.7011141391560143
Denmark,DNK,contr_total,2020-,sd,5.103896693929419
Denmark,DNK,contr_unit_labor_cost,1990-99,mean,1.1835496682478284
Denmark,DNK,contr_unit_labor_cost,1990-99,sd,0.66437318907067
Denmark,DNK,contr_unit_labor_cost,2000-09,mean,1.5983933319322439
Denmark,DNK,contr_unit_labor_cost,2000-09,sd,1.3043979227464846
Denmark,DNK,contr_unit_labor_cost,2010-19,mean,0.31716958317956395
Denmark,DNK,contr_unit_labor_cost,2010-19,sd,0.5541271639137882
Denmark,DNK,contr_unit_labor_cost,2020-,mean,1.1471188321972907
Denmark,DNK,contr_unit_labor_cost,2020-,sd,1.6269961527485168
Denmark,DNK,contr_unit_profit,1990-99,mean,-0.056678004544445715
Denmark,DNK,contr_unit_profit,1990-99,sd,1.1619077007809777
Denmark,DNK,contr_unit_profit,2000-09,mean,0.6406878593581385
Denmark,DNK,contr_unit_profit,2000-09,sd,1.5895241774497575
Denmark,DNK,contr_unit_profit,2010-19,mean,0.7086489043678718
Denmark,DNK,contr_unit_profit,2010-19,sd,1.3785281213370175
Denmark,DNK,contr_unit_profit,2020-,mean,1.4883407816264458
Denmark,DNK,contr_unit_profit,2020-,sd,4.143069077056951
Denmark,DNK,contr_unit_tax,1990-99,mean,0.6932891934788554
Denmark,DNK,contr_unit_tax,1990-99,sd,0.452147407870095
Denmark,DNK,contr_unit_tax,2000-09,mean,0.2526577246826087
Denmark,DNK,contr_unit_tax,2000-09,sd,0.5704917899390701
Denmark,DNK,contr_unit_tax,2010-19,mean,0.1926578235655185
Denmark,DNK,contr_unit_tax,2010-19,sd,0.34275991156509644
Denmark,DNK,contr_unit_tax,2020-,mean,0.06565452533227754
Denmark,DNK,contr_unit_tax,2020-,sd,1.3948535053566553
Denmark,DNK,inflation_cpi,1990-99,mean,2.010328864785237
Denmark,DNK,inflation_cpi,1990-99,sd,0.42003761629653213
Denmark,DNK,inflation_cpi,2000-09,mean,2.105974669632462
Denmark,DNK,inflation_cpi,2000-09,sd,0.7438785804365107
Denmark,DNK,inflation_cpi,2010-19,mean,1.2243944200398122
Denmark,DNK,inflation_cpi,2010-19,sd,0.8970351720344715
Denmark,DNK,inflation_cpi,2020-,mean,3.101902002720517
Denmark,DNK,inflation_cpi,2020-,sd,3.1427068467157846
Denmark,DNK,inflation_def,1990-99,mean,1.7378606664365552
Denmark,DNK,inflation_def,1990-99,sd,0.5649119126997266
Denmark,DNK,inflation_def,2000-09,mean,2.376383603950718
Denmark,DNK,inflation_def,2000-09,sd,1.1032574211278368
Denmark,DNK,inflation_def,2010-19,mean,1.1596520591205095
Denmark,DNK,inflation_def,2010-19,sd,1.018300461225883
Denmark,DNK,inflation_def,2020-,mean,2.3064342644147002
Denmark,DNK,inflation_def,2020-,sd,5.202845181420366
Estonia,EST,contr_total,1990-99,mean,11.777095877267097
Estonia,EST,contr_total,1990-99,sd,7.011763661945784
Estonia,EST,contr_total,2000-09,mean,6.097670170956668
Estonia,EST,contr_total,2000-09,sd,3.620779007927588
Estonia,EST,contr_total,2010-19,mean,3.7671424896826733
Estonia,EST,contr_total,2010-19,sd,1.7167020757167892
Estonia,EST,contr_total,2020-,mean,7.398529578722903
Estonia,EST,contr_total,2020-,sd,5.942511655395744
Estonia,EST,contr_unit_labor_cost,1990-99,mean,4.196264292825247
Estonia,EST,contr_unit_labor_cost,1990-99,sd,3.516178716117178
Estonia,EST,contr_unit_labor_cost,2000-09,mean,3.105224860093781
Estonia,EST,contr_unit_labor_cost,2000-09,sd,2.887763709233183
Estonia,EST,contr_unit_labor_cost,2010-19,mean,1.4459966031089633
Estonia,EST,contr_unit_labor_cost,2010-19,sd,1.7465891849800714
Estonia,EST,contr_unit_labor_cost,2020-,mean,4.079447122441073
Estonia,EST,contr_unit_labor_cost,2020-,sd,2.876653533246645
Estonia,EST,contr_unit_profit,1990-99,mean,6.413425272267914
Estonia,EST,contr_unit_profit,1990-99,sd,2.434639753642443
Estonia,EST,contr_unit_profit,2000-09,mean,1.8868829469047488
Estonia,EST,contr_unit_profit,2000-09,sd,2.1904081679752427
Estonia,EST,contr_unit_profit,2010-19,mean,1.8330039146566246
Estonia,EST,contr_unit_profit,2010-19,sd,2.6817692960511845
Estonia,EST,contr_unit_profit,2020-,mean,2.482244837189217
Estonia,EST,contr_unit_profit,2020-,sd,3.4414221485088827
Estonia,EST,contr_unit_tax,1990-99,mean,1.1674063121739362
Estonia,EST,contr_unit_tax,1990-99,sd,1.9485367746487365
Estonia,EST,contr_unit_tax,2000-09,mean,1.1055623639581382
Estonia,EST,contr_unit_tax,2000-09,sd,1.6237717946336339
Estonia,EST,contr_unit_tax,2010-19,mean,0.4881419719170849
Estonia,EST,contr_unit_tax,2010-19,sd,0.8164659277752271
Estonia,EST,contr_unit_tax,2020-,mean,0.8368376190926125
Estonia,EST,contr_unit_tax,2020-,sd,1.7845107500604562
Estonia,EST,inflation_cpi,1990-99,mean,3.300008064623261
Estonia,EST,inflation_cpi,1990-99,sd,0.5615991734508458
Estonia,EST,inflation_cpi,2000-09,mean,4.318669498181349
Estonia,EST,inflation_cpi,2000-09,sd,2.988426456238383
Estonia,EST,inflation_cpi,2010-19,mean,2.3372276903796707
Estonia,EST,inflation_cpi,2010-19,sd,1.940699847798729
Estonia,EST,inflation_cpi,2020-,mean,7.721296690358997
Estonia,EST,inflation_cpi,2020-,sd,8.075065889522277
Estonia,EST,inflation_def,1990-99,mean,11.508460615693675
Estonia,EST,inflation_def,1990-99,sd,7.0579409009422
Estonia,EST,inflation_def,2000-09,mean,5.747643160836193
Estonia,EST,inflation_def,2000-09,sd,3.7490105934742393
Estonia,EST,inflation_def,2010-19,mean,3.531618507793677
Estonia,EST,inflation_def,2010-19,sd,1.6632224066569807
Estonia,EST,inflation_def,2020-,mean,7.04878521929378
Estonia,EST,inflation_def,2020-,sd,6.0940456126500475
Euro area (20 countries),EA20,contr_total,1990-99,mean,1.2854094377738348
Euro area (20 countries),EA20,contr_total,1990-99,sd,1.1904017170161163
Euro area (20 countries),EA20,contr_total,2000-09,mean,2.0438182873318613
Euro area (20 countries),EA20,contr_total,2000-09,sd,0.5018958756632603
Euro area (20 countries),EA20,contr_total,2010-19,mean,1.2032129044934983
Euro area (20 countries),EA20,contr_total,2010-19,sd,0.3190562016031888
Euro area (20 countries),EA20,contr_total,2020-,mean,3.8693477673290237
Euro area (20 countries),EA20,contr_total,2020-,sd,1.833218860664002
Euro area (20 countries),EA20,contr_unit_labor_cost,1990-99,mean,0.34302642654033155
Euro area (20 countries),EA20,contr_unit_labor_cost,1990-99,sd,0.8684084937455676
Euro area (20 countries),EA20,contr_unit_labor_cost,2000-09,mean,0.997126268719279
Euro area (20 countries),EA20,contr_unit_labor_cost,2000-09,sd,0.6717738783443999
Euro area (20 countries),EA20,contr_unit_labor_cost,2010-19,mean,0.5480681614373123
Euro area (20 countries),EA20,contr_unit_labor_cost,2010-19,sd,0.4129609542465222
Euro area (20 countries),EA20,contr_unit_labor_cost,2020-,mean,1.80942985776496
Euro area (20 countries),EA20,contr_unit_labor_cost,2020-,sd,1.3898226546600536
Euro area (20 countries),EA20,contr_unit_profit,1990-99,mean,0.472043210488007
Euro area (20 countries),EA20,contr_unit_profit,1990-99,sd,0.5651419786845986
Euro area (20 countries),EA20,contr_unit_profit,2000-09,mean,0.8934273911605081
Euro area (20 countries),EA20,contr_unit_profit,2000-09,sd,0.6973303240440829
Euro area (20 countries),EA20,contr_unit_profit,2010-19,mean,0.4049478813902735
Euro area (20 countries),EA20,contr_unit_profit,2010-19,sd,0.3056497045778391
Euro area (20 countries),EA20,contr_unit_profit,2020-,mean,1.8223061573646484
Euro area (20 countries),EA20,contr_unit_profit,2020-,sd,1.180327714169679
Euro area (20 countries),EA20,contr_unit_tax,1990-99,mean,0.47033980074549614
Euro area (20 countries),EA20,contr_unit_tax,1990-99,sd,0.21023395288077482
Euro area (20 countries),EA20,contr_unit_tax,2000-09,mean,0.15326462745207414
Euro area (20 countries),EA20,contr_unit_tax,2000-09,sd,0.25239467145093325
Euro area (20 countries),EA20,contr_unit_tax,2010-19,mean,0.2501968616659124
Euro area (20 countries),EA20,contr_unit_tax,2010-19,sd,0.17401283318573726
Euro area (20 countries),EA20,contr_unit_tax,2020-,mean,0.2376117521994153
Euro area (20 countries),EA20,contr_unit_tax,2020-,sd,1.153776746028009
Euro area (20 countries),EA20,inflation_cpi,1990-99,mean,1.6121677268081864
Euro area (20 countries),EA20,inflation_cpi,1990-99,sd,0.5287101331927655
Euro area (20 countries),EA20,inflation_cpi,2000-09,mean,2.145452473921462
Euro area (20 countries),EA20,inflation_cpi,2000-09,sd,0.7867503632683921
Euro area (20 countries),EA20,inflation_cpi,2010-19,mean,1.351873956219217
Euro area (20 countries),EA20,inflation_cpi,2010-19,sd,0.8847168666670973
Euro area (20 countries),EA20,inflation_cpi,2020-,mean,3.9934110137823042
Euro area (20 countries),EA20,inflation_cpi,2020-,sd,3.30211466823383
Euro area (20 countries),EA20,inflation_def,1990-99,mean,1.2622489370030452
Euro area (20 countries),EA20,inflation_def,1990-99,sd,1.1949049330429502
Euro area (20 countries),EA20,inflation_def,2000-09,mean,2.020237175267238
Euro area (20 countries),EA20,inflation_def,2000-09,sd,0.5161179453368231
Euro area (20 countries),EA20,inflation_def,2010-19,mean,1.194759956945761
Euro area (20 countries),EA20,inflation_def,2010-19,sd,0.3187621767384212
Euro area (20 countries),EA20,inflation_def,2020-,mean,3.701592188921442
Euro area (20 countries),EA20,inflation_def,2020-,sd,1.908339835225386
European Union (27 countries from 01/02/2020),EU27_2020,contr_total,1990-99,mean,1.4561103023557218
European Union (27 countries from 01/02/2020),EU27_2020,contr_total,1990-99,sd,1.1330452904571258
European Union (27 countries from 01/02/2020),EU27_2020,contr_total,2000-09,mean,2.1248536304704353
European Union (27 countries from 01/02/2020),EU27_2020,contr_total,2000-09,sd,0.8496787360847528
European Union (27 countries from 01/02/2020),EU27_2020,contr_total,2010-19,mean,1.2713386516332041
European Union (27 countries from 01/02/2020),EU27_2020,contr_total,2010-19,sd,0.40170109245471636
European Union (27 countries from 01/02/2020),EU27_2020,contr_total,2020-,mean,4.068141946295156
European Union (27 countries from 01/02/2020),EU27_2020,contr_total,2020-,sd,1.845849772568595
European Union (27 countries from 01/02/2020),EU27_2020,contr_unit_labor_cost,1990-99,mean,0.4453640292433129
European Union (27 countries from 01/02/2020),EU27_2020,contr_unit_labor_cost,1990-99,sd,0.809397398389015
European Union (27 countries from 01/02/2020),EU27_2020,contr_unit_labor_cost,2000-09,mean,1.0074470791092467
European Union (27 countries from 01/02/2020),EU27_2020,contr_unit_labor_cost,2000-09,sd,0.5802523315367012
European Union (27 countries from 01/02/2020),EU27_2020,contr_unit_labor_cost,2010-19,mean,0.5730448523470276
European Union (27 countries from 01/02/2020),EU27_2020,contr_unit_labor_cost,2010-19,sd,0.3622689473934918
European Union (27 countries from 01/02/2020),EU27_2020,contr_unit_labor_cost,2020-,mean,1.8537009726931952
European Union (27 countries from 01/02/2020),EU27_2020,contr_unit_labor_cost,2020-,sd,1.3606463802640292
European Union (27 countries from 01/02/2020),EU27_2020,contr_unit_profit,1990-99,mean,0.48967224321590674
European Union (27 countries from 01/02/2020),EU27_2020,contr_unit_profit,1990-99,sd,0.553207859400363
European Union (27 countries from 01/02/2020),EU27_2020,contr_unit_profit,2000-09,mean,0.9531629766381201
European Union (27 countries from 01/02/2020),EU27_2020,contr_unit_profit,2000-09,sd,0.8014752025716502
European Union (27 countries from 01/02/2020),EU27_2020,contr_unit_profit,2010-19,mean,0.439914143844941
European Union (27 countries from 01/02/2020),EU27_2020,contr_unit_profit,2010-19,sd,0.37199985655907375
European Union (27 countries from 01/02/2020),EU27_2020,contr_unit_profit,2020-,mean,1.9219415943003333
European Union (27 countries from 01/02/2020),EU27_2020,contr_unit_profit,2020-,sd,1.246640771702871
European Union (27 countries from 01/02/2020),EU27_2020,contr_unit_tax,1990-99,mean,0.5210740298965022
European Union (27 countries from 01/02/2020),EU27_2020,contr_unit_tax,1990-99,sd,0.2237683720207633
European Union (27 countries from 01/02/2020),EU27_2020,contr_unit_tax,2000-09,mean,0.16424357472306853
European Union (27 countries from 01/02/2020),EU27_2020,contr_unit_tax,2000-09,sd,0.2862339154482049
European Union (27 countries from 01/02/2020),EU27_2020,contr_unit_tax,2010-19,mean,0.25837965544123564
European Union (27 countries from 01/02/2020),EU27_2020,contr_unit_tax,2010-19,sd,0.19697569810305357
European Union (27 countries from 01/02/2020),EU27_2020,contr_unit_tax,2020-,mean,0.2924993793016269
European Union (27 countries from 01/02/2020),EU27_2020,contr_unit_tax,2020-,sd,1.1730276078130315
European Union (27 countries from 01/02/2020),EU27_2020,inflation_cpi,1990-99,mean,NA
European Union (27 countries from 01/02/2020),EU27_2020,inflation_cpi,1990-99,sd,NA
European Union (27 countries from 01/02/2020),EU27_2020,inflation_cpi,2000-09,mean,2.5067599710112445
European Union (27 countries from 01/02/2020),EU27_2020,inflation_cpi,2000-09,sd,0.8893279835845146
European Union (27 countries from 01/02/2020),EU27_2020,inflation_cpi,2010-19,mean,1.4101667020961306
European Union (27 countries from 01/02/2020),EU27_2020,inflation_cpi,2010-19,sd,0.947250047626077
European Union (27 countries from 01/02/2020),EU27_2020,inflation_cpi,2020-,mean,4.565568840515371
European Union (27 countries from 01/02/2020),EU27_2020,inflation_cpi,2020-,sd,3.556834241029772
European Union (27 countries from 01/02/2020),EU27_2020,inflation_def,1990-99,mean,1.4324428943738774
European Union (27 countries from 01/02/2020),EU27_2020,inflation_def,1990-99,sd,1.1382399673827694
European Union (27 countries from 01/02/2020),EU27_2020,inflation_def,2000-09,mean,2.1027220196123597
European Union (27 countries from 01/02/2020),EU27_2020,inflation_def,2000-09,sd,0.8719069834786183
European Union (27 countries from 01/02/2020),EU27_2020,inflation_def,2010-19,mean,1.2627095229447627
European Union (27 countries from 01/02/2020),EU27_2020,inflation_def,2010-19,sd,0.39831622930188354
European Union (27 countries from 01/02/2020),EU27_2020,inflation_def,2020-,mean,3.8983154298899834
European Union (27 countries from 01/02/2020),EU27_2020,inflation_def,2020-,sd,1.9280049884837855
Finland,FIN,contr_total,1990-99,mean,2.0128978190412665
Finland,FIN,contr_total,1990-99,sd,1.382148047648219
Finland,FIN,contr_total,2000-09,mean,1.704853371855466
Finland,FIN,contr_total,2000-09,sd,1.2202175621512261
Finland,FIN,contr_total,2010-19,mean,1.6599366436626197
Finland,FIN,contr_total,2010-19,sd,1.0153355905054438
Finland,FIN,contr_total,2020-,mean,3.267670332179831
Finland,FIN,contr_total,2020-,sd,1.8483794741826427
Finland,FIN,contr_unit_labor_cost,1990-99,mean,0.1826932771764088
Finland,FIN,contr_unit_labor_cost,1990-99,sd,1.7862493569105853
Finland,FIN,contr_unit_labor_cost,2000-09,mean,1.08152132898021
Finland,FIN,contr_unit_labor_cost,2000-09,sd,1.290509101583735
Finland,FIN,contr_unit_labor_cost,2010-19,mean,0.5387407279790056
Finland,FIN,contr_unit_labor_cost,2010-19,sd,1.0714800609937785
Finland,FIN,contr_unit_labor_cost,2020-,mean,1.7488805109502374
Finland,FIN,contr_unit_labor_cost,2020-,sd,1.2847812054266023
Finland,FIN,contr_unit_profit,1990-99,mean,1.612649491996728
Finland,FIN,contr_unit_profit,1990-99,sd,2.2191471193644747
Finland,FIN,contr_unit_profit,2000-09,mean,0.510923452926194
Finland,FIN,contr_unit_profit,2000-09,sd,1.5965439189065087
Finland,FIN,contr_unit_profit,2010-19,mean,0.6324831264064437
Finland,FIN,contr_unit_profit,2010-19,sd,0.7655409968602351
Finland,FIN,contr_unit_profit,2020-,mean,1.2938137478941498
Finland,FIN,contr_unit_profit,2020-,sd,0.957543027973099
Finland,FIN,contr_unit_tax,1990-99,mean,0.2175550498681299
Finland,FIN,contr_unit_tax,1990-99,sd,0.47972387959858404
Finland,FIN,contr_unit_tax,2000-09,mean,0.11240858994906182
Finland,FIN,contr_unit_tax,2000-09,sd,0.4045892170933314
Finland,FIN,contr_unit_tax,2010-19,mean,0.4887127892771703
Finland,FIN,contr_unit_tax,2010-19,sd,0.47815683452604263
Finland,FIN,contr_unit_tax,2020-,mean,0.22497607333544378
Finland,FIN,contr_unit_tax,2020-,sd,0.6788514987633235
Finland,FIN,inflation_cpi,1990-99,mean,1.744275521590589
Finland,FIN,inflation_cpi,1990-99,sd,1.2467552691717085
Finland,FIN,inflation_cpi,2000-09,mean,1.703540461808926
Finland,FIN,inflation_cpi,2000-09,sd,1.3555802384158742
Finland,FIN,inflation_cpi,2010-19,mean,1.2944716762699604
Finland,FIN,inflation_cpi,2010-19,sd,1.0906333008155877
Finland,FIN,inflation_cpi,2020-,mean,3.7714988127727334
Finland,FIN,inflation_cpi,2020-,sd,3.0383452836174762
Finland,FIN,inflation_def,1990-99,mean,1.8073424456797602
Finland,FIN,inflation_def,1990-99,sd,1.3551018669142725
Finland,FIN,inflation_def,2000-09,mean,1.6114302953344781
Finland,FIN,inflation_def,2000-09,sd,1.1921814649194435
Finland,FIN,inflation_def,2010-19,mean,1.6099963497923417
Finland,FIN,inflation_def,2010-19,sd,1.0089061094467526
Finland,FIN,inflation_def,2020-,mean,3.209224895882295
Finland,FIN,inflation_def,2020-,sd,1.8694152632529866
France,FRA,contr_total,1980-89,mean,6.677853340619063
France,FRA,contr_total,1980-89,sd,3.5918277489029697
France,FRA,contr_total,1990-99,mean,1.4545434943254965
France,FRA,contr_total,1990-99,sd,0.8327636899450782
France,FRA,contr_total,2000-09,mean,1.7702970235760689
France,FRA,contr_total,2000-09,sd,0.791885747559892
France,FRA,contr_total,2010-19,mean,0.9128254938259955
France,FRA,contr_total,2010-19,sd,0.5251261699308551
France,FRA,contr_total,2020-,mean,3.314125406300154
France,FRA,contr_total,2020-,sd,1.6205706076280229
France,FRA,contr_unit_labor_cost,1980-89,mean,3.034101341087116
France,FRA,contr_unit_labor_cost,1980-89,sd,2.3857579717534705
France,FRA,contr_unit_labor_cost,1990-99,mean,0.7899139152691905
France,FRA,contr_unit_labor_cost,1990-99,sd,0.7169917968901799
France,FRA,contr_unit_labor_cost,2000-09,mean,1.0109023088649287
France,FRA,contr_unit_labor_cost,2000-09,sd,0.48651550779248387
France,FRA,contr_unit_labor_cost,2010-19,mean,0.37321679429737514
France,FRA,contr_unit_labor_cost,2010-19,sd,0.4402370863195706
France,FRA,contr_unit_labor_cost,2020-,mean,1.6744298224102114
France,FRA,contr_unit_labor_cost,2020-,sd,1.0212748770234001
France,FRA,contr_unit_profit,1980-89,mean,2.764820209646634
France,FRA,contr_unit_profit,1980-89,sd,1.1015156137168092
France,FRA,contr_unit_profit,1990-99,mean,0.34772999102676094
France,FRA,contr_unit_profit,1990-99,sd,0.6432460800574795
France,FRA,contr_unit_profit,2000-09,mean,0.6416571044514641
France,FRA,contr_unit_profit,2000-09,sd,0.8651336114656168
France,FRA,contr_unit_profit,2010-19,mean,0.19737322189047202
France,FRA,contr_unit_profit,2010-19,sd,0.6140618011041511
France,FRA,contr_unit_profit,2020-,mean,1.5279088848433708
France,FRA,contr_unit_profit,2020-,sd,1.7547148273854702
France,FRA,contr_unit_tax,1980-89,mean,0.8789317898853136
France,FRA,contr_unit_tax,1980-89,sd,0.5549204421483962
France,FRA,contr_unit_tax,1990-99,mean,0.3168995880295452
France,FRA,contr_unit_tax,1990-99,sd,0.33574077962820387
France,FRA,contr_unit_tax,2000-09,mean,0.11773761025967613
France,FRA,contr_unit_tax,2000-09,sd,0.2983519718017101
France,FRA,contr_unit_tax,2010-19,mean,0.3422354776381484
France,FRA,contr_unit_tax,2010-19,sd,0.4337574937724161
France,FRA,contr_unit_tax,2020-,mean,0.11178669904657212
France,FRA,contr_unit_tax,2020-,sd,1.1809399160503737
France,FRA,inflation_cpi,1980-89,mean,6.707244697983519
France,FRA,inflation_cpi,1980-89,sd,4.029239258467615
France,FRA,inflation_cpi,1990-99,mean,1.8709793741304035
France,FRA,inflation_cpi,1990-99,sd,0.9122759806101383
France,FRA,inflation_cpi,2000-09,mean,1.7289975370805097
France,FRA,inflation_cpi,2000-09,sd,0.746989688683715
France,FRA,inflation_cpi,2010-19,mean,1.1181677190388446
France,FRA,inflation_cpi,2010-19,sd,0.7365583309691919
France,FRA,inflation_cpi,2020-,mean,2.995201415346728
France,FRA,inflation_cpi,2020-,sd,2.120578505311373
France,FRA,inflation_def,1980-89,mean,6.645397408124611
France,FRA,inflation_def,1980-89,sd,3.5767924110095715
France,FRA,inflation_def,1990-99,mean,1.415762043028576
France,FRA,inflation_def,1990-99,sd,0.793058404992549
France,FRA,inflation_def,2000-09,mean,1.7566101968664218
France,FRA,inflation_def,2000-09,sd,0.682006590630168
France,FRA,inflation_def,2010-19,mean,0.8907119861460983
France,FRA,inflation_def,2010-19,sd,0.3614245275395964
France,FRA,inflation_def,2020-,mean,3.153623692355604
France,FRA,inflation_def,2020-,sd,1.7946755781289445
Germany,DEU,contr_total,1990-99,mean,1.9803237904313435
Germany,DEU,contr_total,1990-99,sd,1.967929666273675
Germany,DEU,contr_total,2000-09,mean,1.1672133597954497
Germany,DEU,contr_total,2000-09,sd,1.0007190804132782
Germany,DEU,contr_total,2010-19,mean,1.5908038894363552
Germany,DEU,contr_total,2010-19,sd,0.638532654424671
Germany,DEU,contr_total,2020-,mean,4.55213678400871
Germany,DEU,contr_total,2020-,sd,2.0325733001607755
Germany,DEU,contr_unit_labor_cost,1990-99,mean,0.8405273251364599
Germany,DEU,contr_unit_labor_cost,1990-99,sd,1.514563356829893
Germany,DEU,contr_unit_labor_cost,2000-09,mean,0.4510464922677949
Germany,DEU,contr_unit_labor_cost,2000-09,sd,1.3276663946972784
Germany,DEU,contr_unit_labor_cost,2010-19,mean,1.0722519276039755
Germany,DEU,contr_unit_labor_cost,2010-19,sd,0.8124382764485659
Germany,DEU,contr_unit_labor_cost,2020-,mean,2.244838930790869
Germany,DEU,contr_unit_labor_cost,2020-,sd,1.830791370734607
Germany,DEU,contr_unit_profit,1990-99,mean,0.7786007769203968
Germany,DEU,contr_unit_profit,1990-99,sd,0.9116511756378057
Germany,DEU,contr_unit_profit,2000-09,mean,0.528837278406728
Germany,DEU,contr_unit_profit,2000-09,sd,1.3580621873351764
Germany,DEU,contr_unit_profit,2010-19,mean,0.36576516963434463
Germany,DEU,contr_unit_profit,2010-19,sd,0.7841003114181198
Germany,DEU,contr_unit_profit,2020-,mean,2.065640237339492
Germany,DEU,contr_unit_profit,2020-,sd,1.4429223180252855
Germany,DEU,contr_unit_tax,1990-99,mean,0.36119568837448696
Germany,DEU,contr_unit_tax,1990-99,sd,0.5104907482870183
Germany,DEU,contr_unit_tax,2000-09,mean,0.18732958912092712
Germany,DEU,contr_unit_tax,2000-09,sd,0.3355075537765382
Germany,DEU,contr_unit_tax,2010-19,mean,0.15278679219803495
Germany,DEU,contr_unit_tax,2010-19,sd,0.2501083867390417
Germany,DEU,contr_unit_tax,2020-,mean,0.24165761587834966
Germany,DEU,contr_unit_tax,2020-,sd,1.4885235708166749
Germany,DEU,inflation_cpi,1990-99,mean,2.3548260312287175
Germany,DEU,inflation_cpi,1990-99,sd,1.61712533538816
Germany,DEU,inflation_cpi,2000-09,mean,1.5915499460992684
Germany,DEU,inflation_cpi,2000-09,sd,0.7167807942433606
Germany,DEU,inflation_cpi,2010-19,mean,1.3291748133294234
Germany,DEU,inflation_cpi,2010-19,sd,0.5874755722629184
Germany,DEU,inflation_cpi,2020-,mean,3.837020212045518
Germany,DEU,inflation_cpi,2020-,sd,2.922177011837367
Germany,DEU,inflation_def,1990-99,mean,1.8468799305306431
Germany,DEU,inflation_def,1990-99,sd,1.7972884610696354
Germany,DEU,inflation_def,2000-09,mean,1.0826084380188832
Germany,DEU,inflation_def,2000-09,sd,0.7228784415582555
Germany,DEU,inflation_def,2010-19,mean,1.5536063111933078
Germany,DEU,inflation_def,2010-19,sd,0.4429054754978169
Germany,DEU,inflation_def,2020-,mean,4.138691973439876
Germany,DEU,inflation_def,2020-,sd,2.1856071267191526
Greece,GRC,contr_total,1990-99,mean,5.831377877485844
Greece,GRC,contr_total,1990-99,sd,1.5122674422971762
Greece,GRC,contr_total,2000-09,mean,3.2271440136553853
Greece,GRC,contr_total,2000-09,sd,1.1541938355191328
Greece,GRC,contr_total,2010-19,mean,0.17915669579021562
Greece,GRC,contr_total,2010-19,sd,1.9929508698560991
Greece,GRC,contr_total,2020-,mean,3.994049465503783
Greece,GRC,contr_total,2020-,sd,3.1978060493734426
Greece,GRC,contr_unit_labor_cost,1990-99,mean,2.003424143059572
Greece,GRC,contr_unit_labor_cost,1990-99,sd,0.48074182488669376
Greece,GRC,contr_unit_labor_cost,2000-09,mean,1.6321551441412248
Greece,GRC,contr_unit_labor_cost,2000-09,sd,1.2091635593228003
Greece,GRC,contr_unit_labor_cost,2010-19,mean,0.17712403091896237
Greece,GRC,contr_unit_labor_cost,2010-19,sd,1.173091797439457
Greece,GRC,contr_unit_labor_cost,2020-,mean,0.6880563124017021
Greece,GRC,contr_unit_labor_cost,2020-,sd,1.5192403064048476
Greece,GRC,contr_unit_profit,1990-99,mean,2.8470448176109158
Greece,GRC,contr_unit_profit,1990-99,sd,1.4613421144320937
Greece,GRC,contr_unit_profit,2000-09,mean,1.281934951833762
Greece,GRC,contr_unit_profit,2000-09,sd,1.3577175689961147
Greece,GRC,contr_unit_profit,2010-19,mean,-0.5562771816617927
Greece,GRC,contr_unit_profit,2010-19,sd,1.5018385613213605
Greece,GRC,contr_unit_profit,2020-,mean,2.396768521951704
Greece,GRC,contr_unit_profit,2020-,sd,2.253451522224702
Greece,GRC,contr_unit_tax,1990-99,mean,0.9809089168153562
Greece,GRC,contr_unit_tax,1990-99,sd,0.5303255579081075
Greece,GRC,contr_unit_tax,2000-09,mean,0.31305391768039864
Greece,GRC,contr_unit_tax,2000-09,sd,0.7980712977613427
Greece,GRC,contr_unit_tax,2010-19,mean,0.5583098465330457
Greece,GRC,contr_unit_tax,2010-19,sd,1.0137351607930987
Greece,GRC,contr_unit_tax,2020-,mean,0.9092246311503769
Greece,GRC,contr_unit_tax,2020-,sd,2.98761232874488
Greece,GRC,inflation_cpi,1990-99,mean,5.289680547804988
Greece,GRC,inflation_cpi,1990-99,sd,2.120615316041268
Greece,GRC,inflation_cpi,2000-09,mean,3.15925608635279
Greece,GRC,inflation_cpi,2000-09,sd,0.8612716107107202
Greece,GRC,inflation_cpi,2010-19,mean,0.6769153391398857
Greece,GRC,inflation_cpi,2010-19,sd,2.0892815470199433
Greece,GRC,inflation_cpi,2020-,mean,3.233466511951595
Greece,GRC,inflation_cpi,2020-,sd,4.244944678523018
Greece,GRC,inflation_def,1990-99,mean,5.771726925628426
Greece,GRC,inflation_def,1990-99,sd,1.5456674400009607
Greece,GRC,inflation_def,2000-09,mean,3.1027303070856234
Greece,GRC,inflation_def,2000-09,sd,1.1213225107381612
Greece,GRC,inflation_def,2010-19,mean,0.041615816440697145
Greece,GRC,inflation_def,2010-19,sd,1.9579014281864555
Greece,GRC,inflation_def,2020-,mean,3.24093721701919
Greece,GRC,inflation_def,2020-,sd,3.3074963007915654
Hungary,HUN,contr_total,1990-99,mean,16.286392201854387
Hungary,HUN,contr_total,1990-99,sd,6.411259522218654
Hungary,HUN,contr_total,2000-09,mean,6.306185329418123
Hungary,HUN,contr_total,2000-09,sd,3.2202772252150202
Hungary,HUN,contr_total,2010-19,mean,3.2696993929174765
Hungary,HUN,contr_total,2010-19,sd,1.3632368847510845
Hungary,HUN,contr_total,2020-,mean,10.53463664410868
Hungary,HUN,contr_total,2020-,sd,4.737961007263644
Hungary,HUN,contr_unit_labor_cost,1990-99,mean,6.556249650972771
Hungary,HUN,contr_unit_labor_cost,1990-99,sd,2.723059487372973
Hungary,HUN,contr_unit_labor_cost,2000-09,mean,2.927628463884684
Hungary,HUN,contr_unit_labor_cost,2000-09,sd,1.734249258858684
Hungary,HUN,contr_unit_labor_cost,2010-19,mean,1.0736141071569778
Hungary,HUN,contr_unit_labor_cost,2010-19,sd,0.8768384324705243
Hungary,HUN,contr_unit_labor_cost,2020-,mean,4.106275307441001
Hungary,HUN,contr_unit_labor_cost,2020-,sd,2.6789880715345307
Hungary,HUN,contr_unit_profit,1990-99,mean,7.627471792924537
Hungary,HUN,contr_unit_profit,1990-99,sd,3.3189884102596543
Hungary,HUN,contr_unit_profit,2000-09,mean,2.332768499524598
Hungary,HUN,contr_unit_profit,2000-09,sd,2.089139117115697
Hungary,HUN,contr_unit_profit,2010-19,mean,1.4637803183200944
Hungary,HUN,contr_unit_profit,2010-19,sd,1.130780330618067
Hungary,HUN,contr_unit_profit,2020-,mean,5.038291202079878
Hungary,HUN,contr_unit_profit,2020-,sd,3.9513980357912484
Hungary,HUN,contr_unit_tax,1990-99,mean,2.1026707579570805
Hungary,HUN,contr_unit_tax,1990-99,sd,2.106795065420863
Hungary,HUN,contr_unit_tax,2000-09,mean,1.0457883660088412
Hungary,HUN,contr_unit_tax,2000-09,sd,1.705986424198339
Hungary,HUN,contr_unit_tax,2010-19,mean,0.7323049674404043
Hungary,HUN,contr_unit_tax,2010-19,sd,0.8982956715999006
Hungary,HUN,contr_unit_tax,2020-,mean,1.3900701345878015
Hungary,HUN,contr_unit_tax,2020-,sd,1.642414375811817
Hungary,HUN,inflation_cpi,1990-99,mean,16.54051181421801
Hungary,HUN,inflation_cpi,1990-99,sd,5.507179796168153
Hungary,HUN,inflation_cpi,2000-09,mean,6.134812840581306
Hungary,HUN,inflation_cpi,2000-09,sd,2.3148673600359517
Hungary,HUN,inflation_cpi,2010-19,mean,2.4834805753877256
Hungary,HUN,inflation_cpi,2010-19,sd,2.0283454601561806
Hungary,HUN,inflation_cpi,2020-,mean,9.420868634804082
Hungary,HUN,inflation_cpi,2020-,sd,7.570874422472296
Hungary,HUN,inflation_def,1990-99,mean,16.14277423388505
Hungary,HUN,inflation_def,1990-99,sd,6.03288802938578
Hungary,HUN,inflation_def,2000-09,mean,6.014039088903679
Hungary,HUN,inflation_def,2000-09,sd,3.2038795216365967
Hungary,HUN,inflation_def,2010-19,mean,3.1492083523045005
Hungary,HUN,inflation_def,2010-19,sd,1.3595306690118187
Hungary,HUN,inflation_def,2020-,mean,10.188261654082329
Hungary,HUN,inflation_def,2020-,sd,4.311341038325682
Israel,ISR,contr_total,2000-09,mean,NA
Israel,ISR,contr_total,2000-09,sd,NA
Israel,ISR,contr_total,2010-19,mean,NA
Israel,ISR,contr_total,2010-19,sd,NA
Israel,ISR,contr_total,2020-,mean,NA
Israel,ISR,contr_total,2020-,sd,NA
Israel,ISR,contr_unit_labor_cost,2000-09,mean,1.0442080218683305
Israel,ISR,contr_unit_labor_cost,2000-09,sd,1.1901442858787605
Israel,ISR,contr_unit_labor_cost,2010-19,mean,0.9057829754908915
Israel,ISR,contr_unit_labor_cost,2010-19,sd,0.9889389266964932
Israel,ISR,contr_unit_labor_cost,2020-,mean,0.7506945730364588
Israel,ISR,contr_unit_labor_cost,2020-,sd,3.62256385598674
Israel,ISR,contr_unit_profit,2000-09,mean,1.3855249588574996
Israel,ISR,contr_unit_profit,2000-09,sd,2.991108564609109
Israel,ISR,contr_unit_profit,2010-19,mean,0.48553166850787477
Israel,ISR,contr_unit_profit,2010-19,sd,1.05032739566131
Israel,ISR,contr_unit_profit,2020-,mean,2.4000577214553473
Israel,ISR,contr_unit_profit,2020-,sd,2.872695275898018
Israel,ISR,contr_unit_tax,2000-09,mean,NA
Israel,ISR,contr_unit_tax,2000-09,sd,NA
Israel,ISR,contr_unit_tax,2010-19,mean,NA
Israel,ISR,contr_unit_tax,2010-19,sd,NA
Israel,ISR,contr_unit_tax,2020-,mean,NA
Israel,ISR,contr_unit_tax,2020-,sd,NA
Israel,ISR,inflation_cpi,2000-09,mean,2.787648805757781
Israel,ISR,inflation_cpi,2000-09,sd,2.026405059435894
Israel,ISR,inflation_cpi,2010-19,mean,1.067813062798078
Israel,ISR,inflation_cpi,2010-19,sd,1.33399601482569
Israel,ISR,inflation_cpi,2020-,mean,2.210797561108605
Israel,ISR,inflation_cpi,2020-,sd,2.390487593009347
Israel,ISR,inflation_def,2000-09,mean,2.268729729641853
Israel,ISR,inflation_def,2000-09,sd,1.9884252517991918
Israel,ISR,inflation_def,2010-19,mean,1.3668315068135959
Israel,ISR,inflation_def,2010-19,sd,1.3273192574761388
Israel,ISR,inflation_def,2020-,mean,2.7675176550249807
Israel,ISR,inflation_def,2020-,sd,1.8655182683163005
Italy,ITA,contr_total,1990-99,mean,3.0217446299665425
Italy,ITA,contr_total,1990-99,sd,1.3289144346508215
Italy,ITA,contr_total,2000-09,mean,2.5281601223913586
Italy,ITA,contr_total,2000-09,sd,0.7255951477458848
Italy,ITA,contr_total,2010-19,mean,1.1268248564793173
Italy,ITA,contr_total,2010-19,sd,0.46786995291033
Italy,ITA,contr_total,2020-,mean,3.0273287480210955
Italy,ITA,contr_total,2020-,sd,1.8943995166631733
Italy,ITA,contr_unit_labor_cost,1990-99,mean,0.7976891654127308
Italy,ITA,contr_unit_labor_cost,1990-99,sd,1.2042497838120998
Italy,ITA,contr_unit_labor_cost,2000-09,mean,1.2141740717724765
Italy,ITA,contr_unit_labor_cost,2000-09,sd,0.7869154541892349
Italy,ITA,contr_unit_labor_cost,2010-19,mean,0.4241143288833753
Italy,ITA,contr_unit_labor_cost,2010-19,sd,0.3347268864507307
Italy,ITA,contr_unit_labor_cost,2020-,mean,1.0537474456929214
Italy,ITA,contr_unit_labor_cost,2020-,sd,0.8605435906411185
Italy,ITA,contr_unit_profit,1990-99,mean,0.8459277263106497
Italy,ITA,contr_unit_profit,1990-99,sd,1.0791864750187308
Italy,ITA,contr_unit_profit,2000-09,mean,1.1032197281314853
Italy,ITA,contr_unit_profit,2000-09,sd,0.7441103201438002
Italy,ITA,contr_unit_profit,2010-19,mean,0.4505113706099901
Italy,ITA,contr_unit_profit,2010-19,sd,0.6729802874050994
Italy,ITA,contr_unit_profit,2020-,mean,1.753682726569701
Italy,ITA,contr_unit_profit,2020-,sd,1.6069155085947016
Italy,ITA,contr_unit_tax,1990-99,mean,1.378127738243162
Italy,ITA,contr_unit_tax,1990-99,sd,1.7670844781967285
Italy,ITA,contr_unit_tax,2000-09,mean,0.21076632248739688
Italy,ITA,contr_unit_tax,2000-09,sd,0.47643796296922913
Italy,ITA,contr_unit_tax,2010-19,mean,0.2521991569859518
Italy,ITA,contr_unit_tax,2010-19,sd,0.5792488749254476
Italy,ITA,contr_unit_tax,2020-,mean,0.2198985757584732
Italy,ITA,contr_unit_tax,2020-,sd,0.7187982334638727
Italy,ITA,inflation_cpi,1990-99,mean,2.4204869239743227
Italy,ITA,inflation_cpi,1990-99,sd,1.0780545350353308
Italy,ITA,inflation_cpi,2000-09,mean,2.270080857648628
Italy,ITA,inflation_cpi,2000-09,sd,0.7123809410925211
Italy,ITA,inflation_cpi,2010-19,mean,1.1732866212776443
Italy,ITA,inflation_cpi,2010-19,sd,1.0667297012589734
Italy,ITA,inflation_cpi,2020-,mean,3.5698102216690204
Italy,ITA,inflation_cpi,2020-,sd,3.802703715579729
Italy,ITA,inflation_def,1990-99,mean,2.1311545140852557
Italy,ITA,inflation_def,1990-99,sd,0.6651026119133081
Italy,ITA,inflation_def,2000-09,mean,2.487835014132961
Italy,ITA,inflation_def,2000-09,sd,0.7308077922516043
Italy,ITA,inflation_def,2010-19,mean,1.0917289171010336
Italy,ITA,inflation_def,2010-19,sd,0.4544450268119831
Italy,ITA,inflation_def,2020-,mean,2.9512242232578263
Italy,ITA,inflation_def,2020-,sd,1.897218309615065
Japan,JPN,contr_total,1990-99,mean,NA
Japan,JPN,contr_total,1990-99,sd,NA
Japan,JPN,contr_total,2000-09,mean,NA
Japan,JPN,contr_total,2000-09,sd,NA
Japan,JPN,contr_total,2010-19,mean,NA
Japan,JPN,contr_total,2010-19,sd,NA
Japan,JPN,contr_total,2020-,mean,NA
Japan,JPN,contr_total,2020-,sd,NA
Japan,JPN,contr_unit_labor_cost,1990-99,mean,-0.19722175918796542
Japan,JPN,contr_unit_labor_cost,1990-99,sd,0.8603062972935215
Japan,JPN,contr_unit_labor_cost,2000-09,mean,-0.4758972780677103
Japan,JPN,contr_unit_labor_cost,2000-09,sd,1.0694021423659423
Japan,JPN,contr_unit_labor_cost,2010-19,mean,0.026801101111519315
Japan,JPN,contr_unit_labor_cost,2010-19,sd,1.2470002285649548
Japan,JPN,contr_unit_labor_cost,2020-,mean,0.7089711777318014
Japan,JPN,contr_unit_labor_cost,2020-,sd,1.4432373647204535
Japan,JPN,contr_unit_profit,1990-99,mean,-0.12938835922576933
Japan,JPN,contr_unit_profit,1990-99,sd,0.4900705435818601
Japan,JPN,contr_unit_profit,2000-09,mean,-0.5707844865710683
Japan,JPN,contr_unit_profit,2000-09,sd,0.7694140054165448
Japan,JPN,contr_unit_profit,2010-19,mean,0.030788191842668868
Japan,JPN,contr_unit_profit,2010-19,sd,1.2334958023679965
Japan,JPN,contr_unit_profit,2020-,mean,0.89250557402151
Japan,JPN,contr_unit_profit,2020-,sd,1.966595737020023
Japan,JPN,contr_unit_tax,1990-99,mean,NA
Japan,JPN,contr_unit_tax,1990-99,sd,NA
Japan,JPN,contr_unit_tax,2000-09,mean,NA
Japan,JPN,contr_unit_tax,2000-09,sd,NA
Japan,JPN,contr_unit_tax,2010-19,mean,NA
Japan,JPN,contr_unit_tax,2010-19,sd,NA
Japan,JPN,contr_unit_tax,2020-,mean,NA
Japan,JPN,contr_unit_tax,2020-,sd,NA
Japan,JPN,inflation_cpi,1990-99,mean,0.41215685230394816
Japan,JPN,inflation_cpi,1990-99,sd,0.9166227060275922
Japan,JPN,inflation_cpi,2000-09,mean,-0.24889170936668065
Japan,JPN,inflation_cpi,2000-09,sd,0.8139313250527728
Japan,JPN,inflation_cpi,2010-19,mean,0.46590827587947703
Japan,JPN,inflation_cpi,2010-19,sd,1.0538146487219673
Japan,JPN,inflation_cpi,2020-,mean,-0.2262877120448796
Japan,JPN,inflation_cpi,2020-,sd,0.6068197989580089
Japan,JPN,inflation_def,1990-99,mean,-0.34024233211367605
Japan,JPN,inflation_def,1990-99,sd,0.711241312341191
Japan,JPN,inflation_def,2000-09,mean,-1.0776748356146009
Japan,JPN,inflation_def,2000-09,sd,0.5570185275627993
Japan,JPN,inflation_def,2010-19,mean,0.014377257743670574
Japan,JPN,inflation_def,2010-19,sd,1.3193619350007013
Japan,JPN,inflation_def,2020-,mean,1.520202920348232
Japan,JPN,inflation_def,2020-,sd,1.7276383900473429
Latvia,LVA,contr_total,1990-99,mean,6.669236575507897
Latvia,LVA,contr_total,1990-99,sd,4.9819018687536705
Latvia,LVA,contr_total,2000-09,mean,7.022339543333119
Latvia,LVA,contr_total,2000-09,sd,6.783269874444499
Latvia,LVA,contr_total,2010-19,mean,2.5637832509930516
Latvia,LVA,contr_total,2010-19,sd,1.7110076112030417
Latvia,LVA,contr_total,2020-,mean,5.590554972062646
Latvia,LVA,contr_total,2020-,sd,3.8544417752766647
Latvia,LVA,contr_unit_labor_cost,1990-99,mean,3.423463043939372
Latvia,LVA,contr_unit_labor_cost,1990-99,sd,4.259810564904757
Latvia,LVA,contr_unit_labor_cost,2000-09,mean,3.6232116266985646
Latvia,LVA,contr_unit_labor_cost,2000-09,sd,5.530921727970597
Latvia,LVA,contr_unit_labor_cost,2010-19,mean,1.4367710413917718
Latvia,LVA,contr_unit_labor_cost,2010-19,sd,2.328065413879889
Latvia,LVA,contr_unit_labor_cost,2020-,mean,3.6981754667620175
Latvia,LVA,contr_unit_labor_cost,2020-,sd,3.4306453211681083
Latvia,LVA,contr_unit_profit,1990-99,mean,2.313701215516825
Latvia,LVA,contr_unit_profit,1990-99,sd,2.496086337250757
Latvia,LVA,contr_unit_profit,2000-09,mean,2.9711179495778937
Latvia,LVA,contr_unit_profit,2000-09,sd,1.962497443290803
Latvia,LVA,contr_unit_profit,2010-19,mean,0.4186482413064564
Latvia,LVA,contr_unit_profit,2010-19,sd,2.4023782854871865
Latvia,LVA,contr_unit_profit,2020-,mean,1.3501422075847904
Latvia,LVA,contr_unit_profit,2020-,sd,3.502664557358275
Latvia,LVA,contr_unit_tax,1990-99,mean,0.9320723160516999
Latvia,LVA,contr_unit_tax,1990-99,sd,1.4996758059034747
Latvia,LVA,contr_unit_tax,2000-09,mean,0.4280099670566599
Latvia,LVA,contr_unit_tax,2000-09,sd,0.9746744563304772
Latvia,LVA,contr_unit_tax,2010-19,mean,0.7083639682948235
Latvia,LVA,contr_unit_tax,2010-19,sd,0.6614187775290845
Latvia,LVA,contr_unit_tax,2020-,mean,0.5422372977158383
Latvia,LVA,contr_unit_tax,2020-,sd,1.9802421105482118
Latvia,LVA,inflation_cpi,1990-99,mean,8.306431293009007
Latvia,LVA,inflation_cpi,1990-99,sd,6.259635828385989
Latvia,LVA,inflation_cpi,2000-09,mean,5.8653629352717
Latvia,LVA,inflation_cpi,2000-09,sd,4.415602872308627
Latvia,LVA,inflation_cpi,2010-19,mean,1.4765357971645678
Latvia,LVA,inflation_cpi,2010-19,sd,1.8442487848782345
Latvia,LVA,inflation_cpi,2020-,mean,6.778306306182507
Latvia,LVA,inflation_cpi,2020-,sd,7.990423169708745
Latvia,LVA,inflation_def,1990-99,mean,6.235989557426284
Latvia,LVA,inflation_def,1990-99,sd,4.87100670445706
Latvia,LVA,inflation_def,2000-09,mean,6.697674678676739
Latvia,LVA,inflation_def,2000-09,sd,6.751443737934935
Latvia,LVA,inflation_def,2010-19,mean,2.2787720757692
Latvia,LVA,inflation_def,2010-19,sd,1.939373471276697
Latvia,LVA,inflation_def,2020-,mean,4.945496529687217
Latvia,LVA,inflation_def,2020-,sd,4.080331576535192
Lithuania,LTU,contr_total,1990-99,mean,8.694745846097614
Lithuania,LTU,contr_total,1990-99,sd,8.599217655673906
Lithuania,LTU,contr_total,2000-09,mean,3.4467556979573772
Lithuania,LTU,contr_total,2000-09,sd,4.759260663403399
Lithuania,LTU,contr_total,2010-19,mean,2.453870017858207
Lithuania,LTU,contr_total,2010-19,sd,2.28380869152924
Lithuania,LTU,contr_total,2020-,mean,8.37088867653322
Lithuania,LTU,contr_total,2020-,sd,5.83072644671336
Lithuania,LTU,contr_unit_labor_cost,1990-99,mean,4.6654173687426574
Lithuania,LTU,contr_unit_labor_cost,1990-99,sd,2.8671127389825464
Lithuania,LTU,contr_unit_labor_cost,2000-09,mean,1.6418391256381544
Lithuania,LTU,contr_unit_labor_cost,2000-09,sd,3.077940444629216
Lithuania,LTU,contr_unit_labor_cost,2010-19,mean,1.162812465249566
Lithuania,LTU,contr_unit_labor_cost,2010-19,sd,1.4861008057116012
Lithuania,LTU,contr_unit_labor_cost,2020-,mean,4.581818809325214
Lithuania,LTU,contr_unit_labor_cost,2020-,sd,2.0818368035121577
Lithuania,LTU,contr_unit_profit,1990-99,mean,2.416583297304492
Lithuania,LTU,contr_unit_profit,1990-99,sd,5.5832021865380765
Lithuania,LTU,contr_unit_profit,2000-09,mean,1.7288016879672945
Lithuania,LTU,contr_unit_profit,2000-09,sd,2.6146833802079814
Lithuania,LTU,contr_unit_profit,2010-19,mean,0.9911717570506342
Lithuania,LTU,contr_unit_profit,2010-19,sd,2.4449436070993653
Lithuania,LTU,contr_unit_profit,2020-,mean,2.5845211451895866
Lithuania,LTU,contr_unit_profit,2020-,sd,4.18402290916224
Lithuania,LTU,contr_unit_tax,1990-99,mean,1.612745180050466
Lithuania,LTU,contr_unit_tax,1990-99,sd,2.227232085846626
Lithuania,LTU,contr_unit_tax,2000-09,mean,0.07611488435192873
Lithuania,LTU,contr_unit_tax,2000-09,sd,0.9590661608451702
Lithuania,LTU,contr_unit_tax,2010-19,mean,0.2998857955580073
Lithuania,LTU,contr_unit_tax,2010-19,sd,0.62689607557827
Lithuania,LTU,contr_unit_tax,2020-,mean,1.2045487220184197
Lithuania,LTU,contr_unit_tax,2020-,sd,2.4952698171549796
Lithuania,LTU,inflation_cpi,1990-99,mean,9.94215047252566
Lithuania,LTU,inflation_cpi,1990-99,sd,10.061284558109772
Lithuania,LTU,inflation_cpi,2000-09,mean,3.025228685247308
Lithuania,LTU,inflation_cpi,2000-09,sd,3.572316603289997
Lithuania,LTU,inflation_cpi,2010-19,mean,1.8483201173544894
Lithuania,LTU,inflation_cpi,2010-19,sd,1.6607115779185193
Lithuania,LTU,inflation_cpi,2020-,mean,7.824792555613038
Lithuania,LTU,inflation_cpi,2020-,sd,8.171688611423143
Lithuania,LTU,inflation_def,1990-99,mean,8.211661139912824
Lithuania,LTU,inflation_def,1990-99,sd,8.605568252058223
Lithuania,LTU,inflation_def,2000-09,mean,3.223579961364699
Lithuania,LTU,inflation_def,2000-09,sd,4.789379030405724
Lithuania,LTU,inflation_def,2010-19,mean,2.2997263545981115
Lithuania,LTU,inflation_def,2010-19,sd,2.2886488285264246
Lithuania,LTU,inflation_def,2020-,mean,7.732831813898806
Lithuania,LTU,inflation_def,2020-,sd,5.660635852344094
Luxembourg,LUX,contr_total,1990-99,mean,2.805039202559804
Luxembourg,LUX,contr_total,1990-99,sd,4.735621887041035
Luxembourg,LUX,contr_total,2000-09,mean,3.5473848703269004
Luxembourg,LUX,contr_total,2000-09,sd,2.571430608361055
Luxembourg,LUX,contr_total,2010-19,mean,2.451518745089162
Luxembourg,LUX,contr_total,2010-19,sd,1.9676940602850501
Luxembourg,LUX,contr_total,2020-,mean,4.700759307515138
Luxembourg,LUX,contr_total,2020-,sd,1.8991288981469505
Luxembourg,LUX,contr_unit_labor_cost,1990-99,mean,0.6746483507143761
Luxembourg,LUX,contr_unit_labor_cost,1990-99,sd,1.9354842796414031
Luxembourg,LUX,contr_unit_labor_cost,2000-09,mean,1.848089777001256
Luxembourg,LUX,contr_unit_labor_cost,2000-09,sd,1.7434801985163892
Luxembourg,LUX,contr_unit_labor_cost,2010-19,mean,1.2552506424509904
Luxembourg,LUX,contr_unit_labor_cost,2010-19,sd,1.4021236837698139
Luxembourg,LUX,contr_unit_labor_cost,2020-,mean,2.907658007663691
Luxembourg,LUX,contr_unit_labor_cost,2020-,sd,2.0659149665580108
Luxembourg,LUX,contr_unit_profit,1990-99,mean,1.495803489550213
Luxembourg,LUX,contr_unit_profit,1990-99,sd,5.075124341894945
Luxembourg,LUX,contr_unit_profit,2000-09,mean,1.3940341033113337
Luxembourg,LUX,contr_unit_profit,2000-09,sd,3.0589861682994473
Luxembourg,LUX,contr_unit_profit,2010-19,mean,0.927281751680935
Luxembourg,LUX,contr_unit_profit,2010-19,sd,2.3210621302026944
Luxembourg,LUX,contr_unit_profit,2020-,mean,1.3986410305442036
Luxembourg,LUX,contr_unit_profit,2020-,sd,2.4486272427317806
Luxembourg,LUX,contr_unit_tax,1990-99,mean,0.6345873622952145
Luxembourg,LUX,contr_unit_tax,1990-99,sd,0.5644720364883141
Luxembourg,LUX,contr_unit_tax,2000-09,mean,0.3052609900143105
Luxembourg,LUX,contr_unit_tax,2000-09,sd,0.7553804407608732
Luxembourg,LUX,contr_unit_tax,2010-19,mean,0.26898635095723666
Luxembourg,LUX,contr_unit_tax,2010-19,sd,0.7416713959016648
Luxembourg,LUX,contr_unit_tax,2020-,mean,0.39446026930724376
Luxembourg,LUX,contr_unit_tax,2020-,sd,0.80478623470112165
Luxembourg,LUX,inflation_cpi,1990-99,mean,1.1338040829135962
Luxembourg,LUX,inflation_cpi,1990-99,sd,0.47021575442400987
Luxembourg,LUX,inflation_cpi,2000-09,mean,2.3410978126275834
Luxembourg,LUX,inflation_cpi,2000-09,sd,0.8959497649940401
Luxembourg,LUX,inflation_cpi,2010-19,mean,1.648217129356827
Luxembourg,LUX,inflation_cpi,2010-19,sd,0.9913635065641613
Luxembourg,LUX,inflation_cpi,2020-,mean,3.297535826352454
Luxembourg,LUX,inflation_cpi,2020-,sd,2.0646600296943314
Luxembourg,LUX,inflation_def,1990-99,mean,2.359136132058542
Luxembourg,LUX,inflation_def,1990-99,sd,4.548133018276606
Luxembourg,LUX,inflation_def,2000-09,mean,3.2897405898264673
Luxembourg,LUX,inflation_def,2000-09,sd,2.4693919158123494
Luxembourg,LUX,inflation_def,2010-19,mean,2.2436241250673006
Luxembourg,LUX,inflation_def,2010-19,sd,1.9177492859252656
Luxembourg,LUX,inflation_def,2020-,mean,4.507825346243274
Luxembourg,LUX,inflation_def,2020-,sd,2.2287694024126012
Netherlands,NLD,contr_total,1990-99,mean,1.8733075426472774
Netherlands,NLD,contr_total,1990-99,sd,0.7625384697644759
Netherlands,NLD,contr_total,2000-09,mean,2.502917296295234
Netherlands,NLD,contr_total,2000-09,sd,1.2135231226966154
Netherlands,NLD,contr_total,2010-19,mean,1.2683989386902974
Netherlands,NLD,contr_total,2010-19,sd,1.0154037439835608
Netherlands,NLD,contr_total,2020-,mean,5.397376150558201
Netherlands,NLD,contr_total,2020-,sd,1.8988472800082559
Netherlands,NLD,contr_unit_labor_cost,1990-99,mean,0.8552294566155095
Netherlands,NLD,contr_unit_labor_cost,1990-99,sd,0.5350767905305622
Netherlands,NLD,contr_unit_labor_cost,2000-09,mean,1.167241686169363
Netherlands,NLD,contr_unit_labor_cost,2000-09,sd,1.0860268138931921
Netherlands,NLD,contr_unit_labor_cost,2010-19,mean,0.3785649215755941
Netherlands,NLD,contr_unit_labor_cost,2010-19,sd,0.8363540331114346
Netherlands,NLD,contr_unit_labor_cost,2020-,mean,2.0260642799850697
Netherlands,NLD,contr_unit_labor_cost,2020-,sd,2.2289114829197185
Netherlands,NLD,contr_unit_profit,1990-99,mean,0.6967815181785169
Netherlands,NLD,contr_unit_profit,1990-99,sd,1.07105507453721
Netherlands,NLD,contr_unit_profit,2000-09,mean,1.0611042074441983
Netherlands,NLD,contr_unit_profit,2000-09,sd,1.1912713279345617
Netherlands,NLD,contr_unit_profit,2010-19,mean,0.6306837306878035
Netherlands,NLD,contr_unit_profit,2010-19,sd,0.8258116324757666
Netherlands,NLD,contr_unit_profit,2020-,mean,2.6906640925378786
Netherlands,NLD,contr_unit_profit,2020-,sd,1.3138732577768177
Netherlands,NLD,contr_unit_tax,1990-99,mean,0.321296567853251
Netherlands,NLD,contr_unit_tax,1990-99,sd,0.2083543405382964
Netherlands,NLD,contr_unit_tax,2000-09,mean,0.274571402681673
Netherlands,NLD,contr_unit_tax,2000-09,sd,0.550220554640149
Netherlands,NLD,contr_unit_tax,2010-19,mean,0.25915028642689997
Netherlands,NLD,contr_unit_tax,2010-19,sd,0.3677569555705941
Netherlands,NLD,contr_unit_tax,2020-,mean,0.6806477780352527
Netherlands,NLD,contr_unit_tax,2020-,sd,2.082518331598992
Netherlands,NLD,inflation_cpi,1990-99,mean,2.0436850376719398
Netherlands,NLD,inflation_cpi,1990-99,sd,0.19517931438289626
Netherlands,NLD,inflation_cpi,2000-09,mean,2.1244972700576175
Netherlands,NLD,inflation_cpi,2000-09,sd,1.0017962377326912
Netherlands,NLD,inflation_cpi,2010-19,mean,1.6192410899456668
Netherlands,NLD,inflation_cpi,2010-19,sd,0.8663731299789047
Netherlands,NLD,inflation_cpi,2020-,mean,4.291621518331829
Netherlands,NLD,inflation_cpi,2020-,sd,3.6188168912221177
Netherlands,NLD,inflation_def,1990-99,mean,1.8339979620549869
Netherlands,NLD,inflation_def,1990-99,sd,0.7631234748281316
Netherlands,NLD,inflation_def,2000-09,mean,2.4405084492753657
Netherlands,NLD,inflation_def,2000-09,sd,1.224160917989158
Netherlands,NLD,inflation_def,2010-19,mean,1.2268872575756748
Netherlands,NLD,inflation_def,2010-19,sd,1.0209677398637933
Netherlands,NLD,inflation_def,2020-,mean,4.81082441665047
Netherlands,NLD,inflation_def,2020-,sd,2.2670038431566524
Norway,NOR,contr_total,1990-99,mean,3.5191699695772547
Norway,NOR,contr_total,1990-99,sd,3.8288792915933327
Norway,NOR,contr_total,2000-09,mean,5.544666816611637
Norway,NOR,contr_total,2000-09,sd,6.773937631137776
Norway,NOR,contr_total,2010-19,mean,2.6405574443461766
Norway,NOR,contr_total,2010-19,sd,3.711487025057097
Norway,NOR,contr_total,2020-,mean,11.674624743648144
Norway,NOR,contr_total,2020-,sd,22.12279985054209
Norway,NOR,contr_unit_labor_cost,1990-99,mean,2.0306662250576077
Norway,NOR,contr_unit_labor_cost,1990-99,sd,1.5963509113499414
Norway,NOR,contr_unit_labor_cost,2000-09,mean,1.8925143856958868
Norway,NOR,contr_unit_labor_cost,2000-09,sd,1.1956397733371857
Norway,NOR,contr_unit_labor_cost,2010-19,mean,1.3322939604507191
Norway,NOR,contr_unit_labor_cost,2010-19,sd,0.841544347299645
Norway,NOR,contr_unit_labor_cost,2020-,mean,1.7127724522972443
Norway,NOR,contr_unit_labor_cost,2020-,sd,0.9967076172382878
Norway,NOR,contr_unit_profit,1990-99,mean,0.955704811236283
Norway,NOR,contr_unit_profit,1990-99,sd,4.4915206153564045
Norway,NOR,contr_unit_profit,2000-09,mean,3.397426159665038
Norway,NOR,contr_unit_profit,2000-09,sd,6.654928098929163
Norway,NOR,contr_unit_profit,2010-19,mean,0.9973489322502783
Norway,NOR,contr_unit_profit,2010-19,sd,3.4887575837147122
Norway,NOR,contr_unit_profit,2020-,mean,9.802458928806757
Norway,NOR,contr_unit_profit,2020-,sd,22.510388144696098
Norway,NOR,contr_unit_tax,1990-99,mean,0.532798933283364
Norway,NOR,contr_unit_tax,1990-99,sd,0.5323449272132071
Norway,NOR,contr_unit_tax,2000-09,mean,0.25472627125071223
Norway,NOR,contr_unit_tax,2000-09,sd,0.5449703757712452
Norway,NOR,contr_unit_tax,2010-19,mean,0.3109145516451789
Norway,NOR,contr_unit_tax,2010-19,sd,0.2603664353675994
Norway,NOR,contr_unit_tax,2020-,mean,0.15939336254414133
Norway,NOR,contr_unit_tax,2020-,sd,0.5766830519776825
Norway,NOR,inflation_cpi,1990-99,mean,2.1120255166545463
Norway,NOR,inflation_cpi,1990-99,sd,0.5914599640682134
Norway,NOR,inflation_cpi,2000-09,mean,2.0869219698167023
Norway,NOR,inflation_cpi,2000-09,sd,1.2535055112472706
Norway,NOR,inflation_cpi,2010-19,mean,2.1100791687049343
Norway,NOR,inflation_cpi,2010-19,sd,0.8560728924519759
Norway,NOR,inflation_cpi,2020-,mean,3.9823242543059343
Norway,NOR,inflation_cpi,2020-,sd,1.9560090895740485
Norway,NOR,inflation_def,1990-99,mean,3.2241138668088993
Norway,NOR,inflation_def,1990-99,sd,3.549793585565717
Norway,NOR,inflation_def,2000-09,mean,5.078800158156655
Norway,NOR,inflation_def,2000-09,sd,6.459049056506648
Norway,NOR,inflation_def,2010-19,mean,2.479382269439656
Norway,NOR,inflation_def,2010-19,sd,3.7425443419764597
Norway,NOR,inflation_def,2020-,mean,8.072563780081687
Norway,NOR,inflation_def,2020-,sd,18.6623413099287
Poland,POL,contr_total,1990-99,mean,12.309703169032312
Poland,POL,contr_total,1990-99,sd,5.339909572916017
Poland,POL,contr_total,2000-09,mean,3.516190883815077
Poland,POL,contr_total,2000-09,sd,2.4302892523635875
Poland,POL,contr_total,2010-19,mean,1.5849231307409766
Poland,POL,contr_total,2010-19,sd,1.351487956064185
Poland,POL,contr_total,2020-,mean,9.887013290037471
Poland,POL,contr_total,2020-,sd,8.428902947943595
Poland,POL,contr_unit_labor_cost,1990-99,mean,5.952209045238984
Poland,POL,contr_unit_labor_cost,1990-99,sd,2.890104286979716
Poland,POL,contr_unit_labor_cost,2000-09,mean,0.8384652406187538
Poland,POL,contr_unit_labor_cost,2000-09,sd,1.6271630316226104
Poland,POL,contr_unit_labor_cost,2010-19,mean,0.8225098228380008
Poland,POL,contr_unit_labor_cost,2010-19,sd,0.6385287161383657
Poland,POL,contr_unit_labor_cost,2020-,mean,2.9368708564200907
Poland,POL,contr_unit_labor_cost,2020-,sd,2.08512863040324
Poland,POL,contr_unit_profit,1990-99,mean,4.845513671454995
Poland,POL,contr_unit_profit,1990-99,sd,3.064409170307298
Poland,POL,contr_unit_profit,2000-09,mean,2.3536879994925233
Poland,POL,contr_unit_profit,2000-09,sd,2.643452812801199
Poland,POL,contr_unit_profit,2010-19,mean,0.385409891182411
Poland,POL,contr_unit_profit,2010-19,sd,1.427616607063378
Poland,POL,contr_unit_profit,2020-,mean,3.6748211268367346
Poland,POL,contr_unit_profit,2020-,sd,5.197245079261027
Poland,POL,contr_unit_tax,1990-99,mean,1.5119804523383327
Poland,POL,contr_unit_tax,1990-99,sd,0.720100537728601
Poland,POL,contr_unit_tax,2000-09,mean,0.3240376437038
Poland,POL,contr_unit_tax,2000-09,sd,0.9261948055383531
Poland,POL,contr_unit_tax,2010-19,mean,0.3770034167205647
Poland,POL,contr_unit_tax,2010-19,sd,0.8398580084868001
Poland,POL,contr_unit_tax,2020-,mean,3.2753213067806466
Poland,POL,contr_unit_tax,2020-,sd,10.268446627892793
Poland,POL,inflation_cpi,1990-99,mean,13.395143208767202
Poland,POL,inflation_cpi,1990-99,sd,4.989306409504663
Poland,POL,inflation_cpi,2000-09,mean,3.5216774838772946
Poland,POL,inflation_cpi,2000-09,sd,2.668839372960044
Poland,POL,inflation_cpi,2010-19,mean,1.6011712621711454
Poland,POL,inflation_cpi,2010-19,sd,1.698015149317515
Poland,POL,inflation_cpi,2020-,mean,7.987091252479542
Poland,POL,inflation_cpi,2020-,sd,5.522761171153949
Poland,POL,inflation_def,1990-99,mean,12.176897525702135
Poland,POL,inflation_def,1990-99,sd,5.356366522398599
Poland,POL,inflation_def,2000-09,mean,3.291287200852172
Poland,POL,inflation_def,2000-09,sd,2.3015133906228074
Poland,POL,inflation_def,2010-19,mean,1.4941351226387602
Poland,POL,inflation_def,2010-19,sd,1.2699728421043657
Poland,POL,inflation_def,2020-,mean,7.100270652359269
Poland,POL,inflation_def,2020-,sd,4.549425502293947
Portugal,PRT,contr_total,1990-99,mean,3.4168674629432627
Portugal,PRT,contr_total,1990-99,sd,0.7018818978327536
Portugal,PRT,contr_total,2000-09,mean,3.0391168256536987
Portugal,PRT,contr_total,2000-09,sd,0.9503505066273757
Portugal,PRT,contr_total,2010-19,mean,1.272274996920066
Portugal,PRT,contr_total,2010-19,sd,1.048520693384808
Portugal,PRT,contr_total,2020-,mean,4.5989535621877895
Portugal,PRT,contr_total,2020-,sd,2.383447383831205
Portugal,PRT,contr_unit_labor_cost,1990-99,mean,1.8448017136520098
Portugal,PRT,contr_unit_labor_cost,1990-99,sd,0.32521016797233115
Portugal,PRT,contr_unit_labor_cost,2000-09,mean,1.4071464637954014
Portugal,PRT,contr_unit_labor_cost,2000-09,sd,0.6979867885579948
Portugal,PRT,contr_unit_labor_cost,2010-19,mean,0.309617821925053
Portugal,PRT,contr_unit_labor_cost,2010-19,sd,1.0975542097734834
Portugal,PRT,contr_unit_labor_cost,2020-,mean,2.6810427798630574
Portugal,PRT,contr_unit_labor_cost,2020-,sd,2.2500863598884586
Portugal,PRT,contr_unit_profit,1990-99,mean,1.0443755898725045
Portugal,PRT,contr_unit_profit,1990-99,sd,0.6966771235960822
Portugal,PRT,contr_unit_profit,2000-09,mean,1.2739646915589629
Portugal,PRT,contr_unit_profit,2000-09,sd,0.9299706341936723
Portugal,PRT,contr_unit_profit,2010-19,mean,0.48110467395319
Portugal,PRT,contr_unit_profit,2010-19,sd,0.8359000426858121
Portugal,PRT,contr_unit_profit,2020-,mean,1.2861829650167387
Portugal,PRT,contr_unit_profit,2020-,sd,2.185687485114806
Portugal,PRT,contr_unit_tax,1990-99,mean,0.5276901594187484
Portugal,PRT,contr_unit_tax,1990-99,sd,0.6909364294279332
Portugal,PRT,contr_unit_tax,2000-09,mean,0.3580056702993344
Portugal,PRT,contr_unit_tax,2000-09,sd,0.9300322161436221
Portugal,PRT,contr_unit_tax,2010-19,mean,0.48155250104182307
Portugal,PRT,contr_unit_tax,2010-19,sd,0.4315236611217119
Portugal,PRT,contr_unit_tax,2020-,mean,0.6317278173079932
Portugal,PRT,contr_unit_tax,2020-,sd,2.0438080628531954
Portugal,PRT,inflation_cpi,1990-99,mean,2.5802539896841363
Portugal,PRT,inflation_cpi,1990-99,sd,0.4922117964066821
Portugal,PRT,inflation_cpi,2000-09,mean,2.601096465725551
Portugal,PRT,inflation_cpi,2000-09,sd,1.390518851363616
Portugal,PRT,inflation_cpi,2010-19,mean,1.1626332506836194
Portugal,PRT,inflation_cpi,2010-19,sd,1.2265964008989698
Portugal,PRT,inflation_cpi,2020-,mean,3.2604752400320605
Portugal,PRT,inflation_cpi,2020-,sd,3.3452980758633792
Portugal,PRT,inflation_def,1990-99,mean,3.367863755091928
Portugal,PRT,inflation_def,1990-99,sd,0.6921214582752468
Portugal,PRT,inflation_def,2000-09,mean,2.9485220931270706
Portugal,PRT,inflation_def,2000-09,sd,0.9823237530448337
Portugal,PRT,inflation_def,2010-19,mean,1.219128800465519
Portugal,PRT,inflation_def,2010-19,sd,1.0583873643117987
Portugal,PRT,inflation_def,2020-,mean,4.144017755171397
Portugal,PRT,inflation_def,2020-,sd,2.485087960843067
Slovak Republic,SVK,contr_total,1990-99,mean,6.538902922205759
Slovak Republic,SVK,contr_total,1990-99,sd,2.28782361178727
Slovak Republic,SVK,contr_total,2000-09,mean,4.192260434328237
Slovak Republic,SVK,contr_total,2000-09,sd,3.138341203414041
Slovak Republic,SVK,contr_total,2010-19,mean,0.9826997740574612
Slovak Republic,SVK,contr_total,2010-19,sd,1.1114563722690667
Slovak Republic,SVK,contr_total,2020-,mean,5.835206319340244
Slovak Republic,SVK,contr_total,2020-,sd,3.7976025604744446
Slovak Republic,SVK,contr_unit_labor_cost,1990-99,mean,1.7236406031805864
Slovak Republic,SVK,contr_unit_labor_cost,1990-99,sd,1.6144222299437179
Slovak Republic,SVK,contr_unit_labor_cost,2000-09,mean,1.219515933199472
Slovak Republic,SVK,contr_unit_labor_cost,2000-09,sd,1.3609873144058406
Slovak Republic,SVK,contr_unit_labor_cost,2010-19,mean,0.8885537909188029
Slovak Republic,SVK,contr_unit_labor_cost,2010-19,sd,1.0099606332540787
Slovak Republic,SVK,contr_unit_labor_cost,2020-,mean,2.1847959316581917
Slovak Republic,SVK,contr_unit_labor_cost,2020-,sd,1.5602063591077362
Slovak Republic,SVK,contr_unit_profit,1990-99,mean,3.539165408215253
Slovak Republic,SVK,contr_unit_profit,1990-99,sd,3.179421248911107
Slovak Republic,SVK,contr_unit_profit,2000-09,mean,2.524363442896374
Slovak Republic,SVK,contr_unit_profit,2000-09,sd,3.037326575622655
Slovak Republic,SVK,contr_unit_profit,2010-19,mean,-0.19652925911204513
Slovak Republic,SVK,contr_unit_profit,2010-19,sd,1.1082574934584466
Slovak Republic,SVK,contr_unit_profit,2020-,mean,3.3901521428109014
Slovak Republic,SVK,contr_unit_profit,2020-,sd,3.345449262173202
Slovak Republic,SVK,contr_unit_tax,1990-99,mean,1.2760969108099192
Slovak Republic,SVK,contr_unit_tax,1990-99,sd,1.4205250761683827
Slovak Republic,SVK,contr_unit_tax,2000-09,mean,0.4483810582323904
Slovak Republic,SVK,contr_unit_tax,2000-09,sd,1.3822100228379803
Slovak Republic,SVK,contr_unit_tax,2010-19,mean,0.2906752422507035
Slovak Republic,SVK,contr_unit_tax,2010-19,sd,0.6098197162531551
Slovak Republic,SVK,contr_unit_tax,2020-,mean,0.26025824487115146
Slovak Republic,SVK,contr_unit_tax,2020-,sd,1.3328824494482687
Slovak Republic,SVK,inflation_cpi,1990-99,mean,7.286573770774873
Slovak Republic,SVK,inflation_cpi,1990-99,sd,2.748274655981193
Slovak Republic,SVK,inflation_cpi,2000-09,mean,5.491715816275385
Slovak Republic,SVK,inflation_cpi,2000-09,sd,3.432056411615522
Slovak Republic,SVK,inflation_cpi,2010-19,mean,1.5454967793875019
Slovak Republic,SVK,inflation_cpi,2010-19,sd,1.5640149413232254
Slovak Republic,SVK,inflation_cpi,2020-,mean,6.623622992999339
Slovak Republic,SVK,inflation_cpi,2020-,sd,5.190573662969403
Slovak Republic,SVK,inflation_def,1990-99,mean,6.182678144126469
Slovak Republic,SVK,inflation_def,1990-99,sd,2.706043036414785
Slovak Republic,SVK,inflation_def,2000-09,mean,3.909806727653231
Slovak Republic,SVK,inflation_def,2000-09,sd,3.027387754372452
Slovak Republic,SVK,inflation_def,2010-19,mean,0.8943150082460157
Slovak Republic,SVK,inflation_def,2010-19,sd,1.0167583285589
Slovak Republic,SVK,inflation_def,2020-,mean,5.509861600627577
Slovak Republic,SVK,inflation_def,2020-,sd,3.4290121294234472
Slovenia,SVN,contr_total,1990-99,mean,8.549362433934899
Slovenia,SVN,contr_total,1990-99,sd,2.107751607631228
Slovenia,SVN,contr_total,2000-09,mean,4.728965416464019
Slovenia,SVN,contr_total,2000-09,sd,2.3612148023671335
Slovenia,SVN,contr_total,2010-19,mean,1.0903119779849653
Slovenia,SVN,contr_total,2010-19,sd,0.9493994196584464
Slovenia,SVN,contr_total,2020-,mean,6.256838467706556
Slovenia,SVN,contr_total,2020-,sd,3.6820707727716626
Slovenia,SVN,contr_unit_labor_cost,1990-99,mean,3.001457317848955
Slovenia,SVN,contr_unit_labor_cost,1990-99,sd,1.2022141448673618
Slovenia,SVN,contr_unit_labor_cost,2000-09,mean,2.6834272174344327
Slovenia,SVN,contr_unit_labor_cost,2000-09,sd,1.7308986115216032
Slovenia,SVN,contr_unit_labor_cost,2010-19,mean,0.3883028809325873
Slovenia,SVN,contr_unit_labor_cost,2010-19,sd,0.9791066544009849
Slovenia,SVN,contr_unit_labor_cost,2020-,mean,2.9165943394174056
Slovenia,SVN,contr_unit_labor_cost,2020-,sd,2.627378817069405
Slovenia,SVN,contr_unit_profit,1990-99,mean,3.971748861261499
Slovenia,SVN,contr_unit_profit,1990-99,sd,1.5048854071470514
Slovenia,SVN,contr_unit_profit,2000-09,mean,1.7056863645362248
Slovenia,SVN,contr_unit_profit,2000-09,sd,1.2927156446240704
Slovenia,SVN,contr_unit_profit,2010-19,mean,0.37862410684059844
Slovenia,SVN,contr_unit_profit,2010-19,sd,0.8293619649144847
Slovenia,SVN,contr_unit_profit,2020-,mean,2.079355782792056
Slovenia,SVN,contr_unit_profit,2020-,sd,3.075801517624041
Slovenia,SVN,contr_unit_tax,1990-99,mean,1.576156254824446
Slovenia,SVN,contr_unit_tax,1990-99,sd,0.7330611044007928
Slovenia,SVN,contr_unit_tax,2000-09,mean,0.3398518344933621
Slovenia,SVN,contr_unit_tax,2000-09,sd,0.81992698425517
Slovenia,SVN,contr_unit_tax,2010-19,mean,0.3233849902117796
Slovenia,SVN,contr_unit_tax,2010-19,sd,0.4691894187207869
Slovenia,SVN,contr_unit_tax,2020-,mean,1.2608883454970945
Slovenia,SVN,contr_unit_tax,2020-,sd,3.7441524812592535
Slovenia,SVN,inflation_cpi,1990-99,mean,8.069194232115859
Slovenia,SVN,inflation_cpi,1990-99,sd,1.687272096972913
Slovenia,SVN,inflation_cpi,2000-09,mean,4.901054665159546
Slovenia,SVN,inflation_cpi,2000-09,sd,2.7283826089978223
Slovenia,SVN,inflation_cpi,2010-19,mean,1.239042363325289
Slovenia,SVN,inflation_cpi,2010-19,sd,1.0201682750863224
Slovenia,SVN,inflation_cpi,2020-,mean,4.361887564332215
Slovenia,SVN,inflation_cpi,2020-,sd,3.947181579943035
Slovenia,SVN,inflation_def,1990-99,mean,8.32501906504723
Slovenia,SVN,inflation_def,1990-99,sd,2.1517515607297963
Slovenia,SVN,inflation_def,2000-09,mean,4.634160147230343
Slovenia,SVN,inflation_def,2000-09,sd,2.349897537180989
Slovenia,SVN,inflation_def,2010-19,mean,1.1029429992457018
Slovenia,SVN,inflation_def,2010-19,sd,0.908412233823167
Slovenia,SVN,inflation_def,2020-,mean,4.874860149259249
Slovenia,SVN,inflation_def,2020-,sd,3.902236239443432
Spain,ESP,contr_total,1990-99,mean,2.8690473733597357
Spain,ESP,contr_total,1990-99,sd,0.5846763870459247
Spain,ESP,contr_total,2000-09,mean,3.5350663804111124
Spain,ESP,contr_total,2000-09,sd,1.146996421653275
Spain,ESP,contr_total,2010-19,mean,0.6259222334209251
Spain,ESP,contr_total,2010-19,sd,0.7003514026548137
Spain,ESP,contr_total,2020-,mean,3.9564986191513993
Spain,ESP,contr_total,2020-,sd,1.8736320203706358
Spain,ESP,contr_unit_labor_cost,1990-99,mean,1.6280697493547827
Spain,ESP,contr_unit_labor_cost,1990-99,sd,0.4382381624411476
Spain,ESP,contr_unit_labor_cost,2000-09,mean,1.7109628039949787
Spain,ESP,contr_unit_labor_cost,2000-09,sd,0.6585155990975584
Spain,ESP,contr_unit_labor_cost,2010-19,mean,-0.037309088162423294
Spain,ESP,contr_unit_labor_cost,2010-19,sd,1.0285844366263102
Spain,ESP,contr_unit_labor_cost,2020-,mean,2.105080559221362
Spain,ESP,contr_unit_labor_cost,2020-,sd,1.6434903842674091
Spain,ESP,contr_unit_profit,1990-99,mean,0.632974428438922
Spain,ESP,contr_unit_profit,1990-99,sd,1.0346433970763471
Spain,ESP,contr_unit_profit,2000-09,mean,1.6959125409657232
Spain,ESP,contr_unit_profit,2000-09,sd,0.7372707435839428
Spain,ESP,contr_unit_profit,2010-19,mean,0.13789922784017358
Spain,ESP,contr_unit_profit,2010-19,sd,0.8072247600624465
Spain,ESP,contr_unit_profit,2020-,mean,1.4460377666862307
Spain,ESP,contr_unit_profit,2020-,sd,2.398978133993531
Spain,ESP,contr_unit_tax,1990-99,mean,0.608003195566031
Spain,ESP,contr_unit_tax,1990-99,sd,0.358498171504436
Spain,ESP,contr_unit_tax,2000-09,mean,0.1281910354504107
Spain,ESP,contr_unit_tax,2000-09,sd,0.8944487522365794
Spain,ESP,contr_unit_tax,2010-19,mean,0.5253320937431749
Spain,ESP,contr_unit_tax,2010-19,sd,0.9451239000452534
Spain,ESP,contr_unit_tax,2020-,mean,0.40538029324380687
Spain,ESP,contr_unit_tax,2020-,sd,1.5548666617545273
Spain,ESP,inflation_cpi,1990-99,mean,2.419204414483564
Spain,ESP,inflation_cpi,1990-99,sd,0.7546359373696988
Spain,ESP,inflation_cpi,2000-09,mean,2.9642837162765634
Spain,ESP,inflation_cpi,2000-09,sd,1.2927808465331319
Spain,ESP,inflation_cpi,2010-19,mean,1.2340461207919446
Spain,ESP,inflation_cpi,2010-19,sd,1.2964438501891813
Spain,ESP,inflation_cpi,2020-,mean,3.5601366109452006
Spain,ESP,inflation_cpi,2020-,sd,3.18085639704546
Spain,ESP,inflation_def,1990-99,mean,2.8125812452590133
Spain,ESP,inflation_def,1990-99,sd,0.6148967135800202
Spain,ESP,inflation_def,2000-09,mean,3.4135902555538102
Spain,ESP,inflation_def,2000-09,sd,1.2545111287275288
Spain,ESP,inflation_def,2010-19,mean,0.49634158230776176
Spain,ESP,inflation_def,2010-19,sd,0.6773960496118769
Spain,ESP,inflation_def,2020-,mean,3.5922170479362974
Spain,ESP,inflation_def,2020-,sd,1.9769282166283926
Sweden,SWE,contr_total,1990-99,mean,1.9757269541434401
Sweden,SWE,contr_total,1990-99,sd,1.1873333080604351
Sweden,SWE,contr_total,2000-09,mean,1.9815221595439634
Sweden,SWE,contr_total,2000-09,sd,1.0474446859576088
Sweden,SWE,contr_total,2010-19,mean,1.784079063177033
Sweden,SWE,contr_total,2010-19,sd,0.7192122214038796
Sweden,SWE,contr_total,2020-,mean,4.177077967754849
Sweden,SWE,contr_total,2020-,sd,1.9796392990025624
Sweden,SWE,contr_unit_labor_cost,1990-99,mean,0.35865026121331584
Sweden,SWE,contr_unit_labor_cost,1990-99,sd,1.2420912349891788
Sweden,SWE,contr_unit_labor_cost,2000-09,mean,1.310890966023326
Sweden,SWE,contr_unit_labor_cost,2000-09,sd,1.2685718679710654
Sweden,SWE,contr_unit_labor_cost,2010-19,mean,0.8958839876274665
Sweden,SWE,contr_unit_labor_cost,2010-19,sd,0.9197625335444133
Sweden,SWE,contr_unit_labor_cost,2020-,mean,1.8084005184982992
Sweden,SWE,contr_unit_labor_cost,2020-,sd,1.316240035637788
Sweden,SWE,contr_unit_profit,1990-99,mean,0.5853826195576631
Sweden,SWE,contr_unit_profit,1990-99,sd,2.039311392151753
Sweden,SWE,contr_unit_profit,2000-09,mean,0.37100093305227744
Sweden,SWE,contr_unit_profit,2000-09,sd,0.8604745863141633
Sweden,SWE,contr_unit_profit,2010-19,mean,0.574637122196866
Sweden,SWE,contr_unit_profit,2010-19,sd,1.2757704658014635
Sweden,SWE,contr_unit_profit,2020-,mean,1.673353981014516
Sweden,SWE,contr_unit_profit,2020-,sd,0.9500208118672739
Sweden,SWE,contr_unit_tax,1990-99,mean,1.0316940733724613
Sweden,SWE,contr_unit_tax,1990-99,sd,1.1974867330732861
Sweden,SWE,contr_unit_tax,2000-09,mean,0.2996302604683598
Sweden,SWE,contr_unit_tax,2000-09,sd,0.5982178844876688
Sweden,SWE,contr_unit_tax,2010-19,mean,0.3135579533527006
Sweden,SWE,contr_unit_tax,2010-19,sd,0.4606491719850546
Sweden,SWE,contr_unit_tax,2020-,mean,0.6953234682420343
Sweden,SWE,contr_unit_tax,2020-,sd,1.4525145342571883
Sweden,SWE,inflation_cpi,1990-99,mean,1.0013985124807705
Sweden,SWE,inflation_cpi,1990-99,sd,1.1302692080336147
Sweden,SWE,inflation_cpi,2000-09,mean,1.4743075147545137
Sweden,SWE,inflation_cpi,2000-09,sd,1.2312082669613553
Sweden,SWE,inflation_cpi,2010-19,mean,1.1255827665388631
Sweden,SWE,inflation_cpi,2010-19,sd,1.0334646629465931
Sweden,SWE,inflation_cpi,2020-,mean,4.809318114348067
Sweden,SWE,inflation_cpi,2020-,sd,3.9185841008001536
Sweden,SWE,inflation_def,1990-99,mean,1.7718969273018776
Sweden,SWE,inflation_def,1990-99,sd,1.2181641832007062
Sweden,SWE,inflation_def,2000-09,mean,1.915040793151725
Sweden,SWE,inflation_def,2000-09,sd,1.0153087349382592
Sweden,SWE,inflation_def,2010-19,mean,1.7145304757870672
Sweden,SWE,inflation_def,2010-19,sd,0.7523691789370555
Sweden,SWE,inflation_def,2020-,mean,4.046921579147542
Sweden,SWE,inflation_def,2020-,sd,2.044577266325071
Switzerland,CHE,contr_total,1990-99,mean,1.399114587742757
Switzerland,CHE,contr_total,1990-99,sd,1.8426954931208748
Switzerland,CHE,contr_total,2000-09,mean,1.1998285116466798
Switzerland,CHE,contr_total,2000-09,sd,0.8131264754888969
Switzerland,CHE,contr_total,2010-19,mean,-0.15616341175689508
Switzerland,CHE,contr_total,2010-19,sd,0.638898034062044
Switzerland,CHE,contr_total,2020-,mean,1.2902290126515494
Switzerland,CHE,contr_total,2020-,sd,1.3834089025507654
Switzerland,CHE,contr_unit_labor_cost,1990-99,mean,0.7735370801518485
Switzerland,CHE,contr_unit_labor_cost,1990-99,sd,1.731842372543891
Switzerland,CHE,contr_unit_labor_cost,2000-09,mean,0.7948280790280643
Switzerland,CHE,contr_unit_labor_cost,2000-09,sd,1.3436052628419952
Switzerland,CHE,contr_unit_labor_cost,2010-19,mean,0.07463909583955064
Switzerland,CHE,contr_unit_labor_cost,2010-19,sd,0.7801335161681392
Switzerland,CHE,contr_unit_labor_cost,2020-,mean,0.8111643268250055
Switzerland,CHE,contr_unit_labor_cost,2020-,sd,1.0076700198772994
Switzerland,CHE,contr_unit_profit,1990-99,mean,0.4252929948697129
Switzerland,CHE,contr_unit_profit,1990-99,sd,1.099690269074201
Switzerland,CHE,contr_unit_profit,2000-09,mean,0.346931816560783
Switzerland,CHE,contr_unit_profit,2000-09,sd,1.3960857784035658
Switzerland,CHE,contr_unit_profit,2010-19,mean,-0.17953895816663676
Switzerland,CHE,contr_unit_profit,2010-19,sd,0.9873327221463446
Switzerland,CHE,contr_unit_profit,2020-,mean,0.4515940059601057
Switzerland,CHE,contr_unit_profit,2020-,sd,1.6790489948089036
Switzerland,CHE,contr_unit_tax,1990-99,mean,0.20028451272119577
Switzerland,CHE,contr_unit_tax,1990-99,sd,0.4800070284893569
Switzerland,CHE,contr_unit_tax,2000-09,mean,0.058068616057832576
Switzerland,CHE,contr_unit_tax,2000-09,sd,0.3425921853627722
Switzerland,CHE,contr_unit_tax,2010-19,mean,-0.05126354942980898
Switzerland,CHE,contr_unit_tax,2010-19,sd,0.12634143493007094
Switzerland,CHE,contr_unit_tax,2020-,mean,0.027470679866438336
Switzerland,CHE,contr_unit_tax,2020-,sd,0.35047928693650887
Switzerland,CHE,inflation_cpi,1990-99,mean,2.001491844943165
Switzerland,CHE,inflation_cpi,1990-99,sd,1.9183898587860744
Switzerland,CHE,inflation_cpi,2000-09,mean,0.9547532188551544
Switzerland,CHE,inflation_cpi,2000-09,sd,0.8053448546676394
Switzerland,CHE,inflation_cpi,2010-19,mean,0.025491026806664457
Switzerland,CHE,inflation_cpi,2010-19,sd,0.6833633170555936
Switzerland,CHE,inflation_cpi,2020-,mean,1.214287471392085
Switzerland,CHE,inflation_cpi,2020-,sd,1.4476182513766735
Switzerland,CHE,inflation_def,1990-99,mean,1.274763985086718
Switzerland,CHE,inflation_def,1990-99,sd,1.8231741663399499
Switzerland,CHE,inflation_def,2000-09,mean,1.0936690685671464
Switzerland,CHE,inflation_def,2000-09,sd,0.8435806555409168
Switzerland,CHE,inflation_def,2010-19,mean,-0.19402595373103826
Switzerland,CHE,inflation_def,2010-19,sd,0.6245898270537686
Switzerland,CHE,inflation_def,2020-,mean,1.164263398779515
Switzerland,CHE,inflation_def,2020-,sd,1.3630630453403216
Trkiye,TUR,contr_total,1990-99,mean,54.21427143716379
Trkiye,TUR,contr_total,1990-99,sd,3.233983002077045
Trkiye,TUR,contr_total,2000-09,mean,22.036303447209576
Trkiye,TUR,contr_total,2000-09,sd,19.40131203318706
Trkiye,TUR,contr_total,2010-19,mean,9.588207201785746
Trkiye,TUR,contr_total,2010-19,sd,3.705285019091378
Trkiye,TUR,contr_total,2020-,mean,55.73267486111808
Trkiye,TUR,contr_total,2020-,sd,34.17057833606861
Trkiye,TUR,contr_unit_labor_cost,1990-99,mean,17.121109550789853
Trkiye,TUR,contr_unit_labor_cost,1990-99,sd,0.8785092085118414
Trkiye,TUR,contr_unit_labor_cost,2000-09,mean,5.363384138941816
Trkiye,TUR,contr_unit_labor_cost,2000-09,sd,4.202715325751544
Trkiye,TUR,contr_unit_labor_cost,2010-19,mean,3.306991277449778
Trkiye,TUR,contr_unit_labor_cost,2010-19,sd,1.8008853451816746
Trkiye,TUR,contr_unit_labor_cost,2020-,mean,15.834190159989838
Trkiye,TUR,contr_unit_labor_cost,2020-,sd,13.11128159733058
Trkiye,TUR,contr_unit_profit,1990-99,mean,31.20229255135503
Trkiye,TUR,contr_unit_profit,1990-99,sd,2.317289954550601
Trkiye,TUR,contr_unit_profit,2000-09,mean,13.734022271639517
Trkiye,TUR,contr_unit_profit,2000-09,sd,12.388328481133161
Trkiye,TUR,contr_unit_profit,2010-19,mean,5.373107318412673
Trkiye,TUR,contr_unit_profit,2010-19,sd,3.4711127037599545
Trkiye,TUR,contr_unit_profit,2020-,mean,33.95075753803502
Trkiye,TUR,contr_unit_profit,2020-,sd,22.933337182382186
Trkiye,TUR,contr_unit_tax,1990-99,mean,5.8908693350189045
Trkiye,TUR,contr_unit_tax,1990-99,sd,1.64282697812519
Trkiye,TUR,contr_unit_tax,2000-09,mean,2.9388970366282425
Trkiye,TUR,contr_unit_tax,2000-09,sd,3.2115483912910285
Trkiye,TUR,contr_unit_tax,2010-19,mean,0.908108605923295
Trkiye,TUR,contr_unit_tax,2010-19,sd,1.013903432322425
Trkiye,TUR,contr_unit_tax,2020-,mean,5.947727163093222
Trkiye,TUR,contr_unit_tax,2020-,sd,4.14150812307162
Trkiye,TUR,inflation_cpi,1990-99,mean,64.7652739879174
Trkiye,TUR,inflation_cpi,1990-99,sd,0.9909905181420636
Trkiye,TUR,inflation_cpi,2000-09,mean,23.075061237127578
Trkiye,TUR,inflation_cpi,2000-09,sd,21.11089497137605
Trkiye,TUR,inflation_cpi,2010-19,mean,9.8530818476251
Trkiye,TUR,inflation_cpi,2010-19,sd,3.8951641332173246
Trkiye,TUR,inflation_cpi,2020-,mean,42.610181045477766
Trkiye,TUR,inflation_cpi,2020-,sd,26.480093915768148
Trkiye,TUR,inflation_def,1990-99,mean,53.84855512409429
Trkiye,TUR,inflation_def,1990-99,sd,3.218453177617315
Trkiye,TUR,inflation_def,2000-09,mean,21.85407074932217
Trkiye,TUR,inflation_def,2000-09,sd,19.220692329017606
Trkiye,TUR,inflation_def,2010-19,mean,9.369159668693877
Trkiye,TUR,inflation_def,2010-19,sd,3.6804268367268085
Trkiye,TUR,inflation_def,2020-,mean,54.177599221683415
Trkiye,TUR,inflation_def,2020-,sd,33.47197441921285
United Kingdom,GBR,contr_total,1990-99,mean,1.774709620622465
United Kingdom,GBR,contr_total,1990-99,sd,1.7619853327843116
United Kingdom,GBR,contr_total,2000-09,mean,2.366823784349302
United Kingdom,GBR,contr_total,2000-09,sd,0.9288752939016158
United Kingdom,GBR,contr_total,2010-19,mean,1.7828131884667917
United Kingdom,GBR,contr_total,2010-19,sd,0.5856377907896122
United Kingdom,GBR,contr_total,2020-,mean,1.1270316755260918
United Kingdom,GBR,contr_total,2020-,sd,25.3242005860267
United Kingdom,GBR,contr_unit_labor_cost,1990-99,mean,1.378765946102354
United Kingdom,GBR,contr_unit_labor_cost,1990-99,sd,0.6780189378239413
United Kingdom,GBR,contr_unit_labor_cost,2000-09,mean,1.5011336829885045
United Kingdom,GBR,contr_unit_labor_cost,2000-09,sd,0.7915708596647419
United Kingdom,GBR,contr_unit_labor_cost,2010-19,mean,0.6362520053047854
United Kingdom,GBR,contr_unit_labor_cost,2010-19,sd,0.7217468028748314
United Kingdom,GBR,contr_unit_labor_cost,2020-,mean,2.5292399508685173
United Kingdom,GBR,contr_unit_labor_cost,2020-,sd,4.152388989599567
United Kingdom,GBR,contr_unit_profit,1990-99,mean,0.02235475912337906
United Kingdom,GBR,contr_unit_profit,1990-99,sd,2.1475159744051444
United Kingdom,GBR,contr_unit_profit,2000-09,mean,0.7539818735649049
United Kingdom,GBR,contr_unit_profit,2000-09,sd,1.3167247004357676
United Kingdom,GBR,contr_unit_profit,2010-19,mean,0.7363542610225154
United Kingdom,GBR,contr_unit_profit,2010-19,sd,0.8411009001512415
United Kingdom,GBR,contr_unit_profit,2020-,mean,1.9185009302157974
United Kingdom,GBR,contr_unit_profit,2020-,sd,3.8273321423395905
United Kingdom,GBR,contr_unit_tax,1990-99,mean,0.3735889153967319
United Kingdom,GBR,contr_unit_tax,1990-99,sd,0.2531782899220751
United Kingdom,GBR,contr_unit_tax,2000-09,mean,0.11170822779589246
United Kingdom,GBR,contr_unit_tax,2000-09,sd,0.33784254078321635
United Kingdom,GBR,contr_unit_tax,2010-19,mean,0.41020692213949084
United Kingdom,GBR,contr_unit_tax,2010-19,sd,0.6034967091445038
United Kingdom,GBR,contr_unit_tax,2020-,mean,-3.3207092055582224
United Kingdom,GBR,contr_unit_tax,2020-,sd,20.934937305016653
United Kingdom,GBR,inflation_cpi,1990-99,mean,2.1544185988263367
United Kingdom,GBR,inflation_cpi,1990-99,sd,0.4741522610973127
United Kingdom,GBR,inflation_cpi,2000-09,mean,1.9405065746137389
United Kingdom,GBR,inflation_cpi,2000-09,sd,0.775217370937082
United Kingdom,GBR,inflation_cpi,2010-19,mean,2.063728344003273
United Kingdom,GBR,inflation_cpi,2010-19,sd,0.9496286823088259
United Kingdom,GBR,inflation_cpi,2020-,mean,4.363942465190371
United Kingdom,GBR,inflation_cpi,2020-,sd,3.0172382698841487
United Kingdom,GBR,inflation_def,1990-99,mean,1.6689933709616258
United Kingdom,GBR,inflation_def,1990-99,sd,1.8106038932094426
United Kingdom,GBR,inflation_def,2000-09,mean,2.3058727387233673
United Kingdom,GBR,inflation_def,2000-09,sd,0.9368562306138728
United Kingdom,GBR,inflation_def,2010-19,mean,1.728862114506122
United Kingdom,GBR,inflation_def,2010-19,sd,0.5917738331774608
United Kingdom,GBR,inflation_def,2020-,mean,4.234214528889857
United Kingdom,GBR,inflation_def,2020-,sd,3.5237961987867483
United States,USA,contr_total,1950-59,mean,NA
United States,USA,contr_total,1950-59,sd,NA
United States,USA,contr_total,1960-69,mean,2.309521343737138
United States,USA,contr_total,1960-69,sd,1.3245323760515821
United States,USA,contr_total,1970-79,mean,6.361822641356521
United States,USA,contr_total,1970-79,sd,1.7236096217309427
United States,USA,contr_total,1980-89,mean,4.775877744314044
United States,USA,contr_total,1980-89,sd,2.9442772922274028
United States,USA,contr_total,1990-99,mean,2.3574321610257236
United States,USA,contr_total,1990-99,sd,0.8490214177150235
United States,USA,contr_total,2000-09,mean,2.1089239747638278
United States,USA,contr_total,2000-09,sd,1.4455655008987578
United States,USA,contr_total,2010-19,mean,1.756245374055854
United States,USA,contr_total,2010-19,sd,1.0064716790403012
United States,USA,contr_total,2020-,mean,5.027343963153827
United States,USA,contr_total,2020-,sd,3.204759322801522
United States,USA,contr_unit_labor_cost,1950-59,mean,NA
United States,USA,contr_unit_labor_cost,1950-59,sd,NA
United States,USA,contr_unit_labor_cost,1960-69,mean,1.5652635396364318
United States,USA,contr_unit_labor_cost,1960-69,sd,1.1990905359215802
United States,USA,contr_unit_labor_cost,1970-79,mean,3.5919049872071165
United States,USA,contr_unit_labor_cost,1970-79,sd,1.262660859021393
United States,USA,contr_unit_labor_cost,1980-89,mean,2.6010231471641454
United States,USA,contr_unit_labor_cost,1980-89,sd,1.5884246799369655
United States,USA,contr_unit_labor_cost,1990-99,mean,1.2855089562172328
United States,USA,contr_unit_labor_cost,1990-99,sd,0.65198716278824
United States,USA,contr_unit_labor_cost,2000-09,mean,0.9808075506962859
United States,USA,contr_unit_labor_cost,2000-09,sd,0.9274832475762347
United States,USA,contr_unit_labor_cost,2010-19,mean,0.8165521435731549
United States,USA,contr_unit_labor_cost,2010-19,sd,0.627672353452872
United States,USA,contr_unit_labor_cost,2020-,mean,1.7131763987718984
United States,USA,contr_unit_labor_cost,2020-,sd,0.71190191400315
United States,USA,contr_unit_profit,1950-59,mean,NA
United States,USA,contr_unit_profit,1950-59,sd,NA
United States,USA,contr_unit_profit,1960-69,mean,0.5449356722081092
United States,USA,contr_unit_profit,1960-69,sd,0.47229026747925745
United States,USA,contr_unit_profit,1970-79,mean,2.4010328404133006
United States,USA,contr_unit_profit,1970-79,sd,1.0472553169823597
United States,USA,contr_unit_profit,1980-89,mean,1.844687812186179
United States,USA,contr_unit_profit,1980-89,sd,1.4119824937176173
United States,USA,contr_unit_profit,1990-99,mean,0.921939208703864
United States,USA,contr_unit_profit,1990-99,sd,0.656829803812559
United States,USA,contr_unit_profit,2000-09,mean,0.9604842235339713
United States,USA,contr_unit_profit,2000-09,sd,1.1722775182282557
United States,USA,contr_unit_profit,2010-19,mean,0.8212897913714359
United States,USA,contr_unit_profit,2010-19,sd,0.9559264785938408
United States,USA,contr_unit_profit,2020-,mean,2.05684337447191
United States,USA,contr_unit_profit,2020-,sd,1.2654703392526658
United States,USA,contr_unit_tax,1950-59,mean,NA
United States,USA,contr_unit_tax,1950-59,sd,NA
United States,USA,contr_unit_tax,1960-69,mean,0.19932213189259676
United States,USA,contr_unit_tax,1960-69,sd,0.2874371246733695
United States,USA,contr_unit_tax,1970-79,mean,0.3688848137361042
United States,USA,contr_unit_tax,1970-79,sd,0.28030796999793983
United States,USA,contr_unit_tax,1980-89,mean,0.3301667849637186
United States,USA,contr_unit_tax,1980-89,sd,0.3270732500959643
United States,USA,contr_unit_tax,1990-99,mean,0.14998399610462668
United States,USA,contr_unit_tax,1990-99,sd,0.2210832336912018
United States,USA,contr_unit_tax,2000-09,mean,0.16763220053357064
United States,USA,contr_unit_tax,2000-09,sd,0.14859488252427547
United States,USA,contr_unit_tax,2010-19,mean,0.1184034391112632
United States,USA,contr_unit_tax,2010-19,sd,0.07825793975461835
United States,USA,contr_unit_tax,2020-,mean,1.2098210953815434
United States,USA,contr_unit_tax,2020-,sd,2.5527220692836514
United States,USA,inflation_cpi,1950-59,mean,NA
United States,USA,inflation_cpi,1950-59,sd,NA
United States,USA,inflation_cpi,1960-69,mean,2.334460306637495
United States,USA,inflation_cpi,1960-69,sd,1.4862449201649877
United States,USA,inflation_cpi,1970-79,mean,7.08939939991032
United States,USA,inflation_cpi,1970-79,sd,2.7207661993061043
United States,USA,inflation_cpi,1980-89,mean,5.562045374478924
United States,USA,inflation_cpi,1980-89,sd,3.5429484914366425
United States,USA,inflation_cpi,1990-99,mean,3.004754050109978
United States,USA,inflation_cpi,1990-99,sd,1.1207615174798147
United States,USA,inflation_cpi,2000-09,mean,2.571832549347307
United States,USA,inflation_cpi,2000-09,sd,1.379536092755195
United States,USA,inflation_cpi,2010-19,mean,1.77249464110326
United States,USA,inflation_cpi,2010-19,sd,0.8413219944536406
United States,USA,inflation_cpi,2020-,mean,4.281508899051978
United States,USA,inflation_cpi,2020-,sd,2.555088142877366
United States,USA,inflation_def,1950-59,mean,NA
United States,USA,inflation_def,1950-59,sd,NA
United States,USA,inflation_def,1960-69,mean,2.300103268644701
United States,USA,inflation_def,1960-69,sd,1.340511795586219
United States,USA,inflation_def,1970-79,mean,6.545814243246072
United States,USA,inflation_def,1970-79,sd,1.8292062260526478
United States,USA,inflation_def,1980-89,mean,4.734019317816917
United States,USA,inflation_def,1980-89,sd,2.5588772141680254
United States,USA,inflation_def,1990-99,mean,2.210366700807747
United States,USA,inflation_def,1990-99,sd,0.7922039536747874
United States,USA,inflation_def,2000-09,mean,2.2216120816524687
United States,USA,inflation_def,2000-09,sd,0.768878386028998
United States,USA,inflation_def,2010-19,mean,1.6192454264650373
United States,USA,inflation_def,2010-19,sd,0.4840831281586162
United States,USA,inflation_def,2020-,mean,3.881585684201274
United States,USA,inflation_def,2020-,sd,2.2462788130661475
