year,ind,series,value,ind_title,ind_2d
2019,11,coe,100,"Agriculture, forestry, fishing, and hunting",TRUE
2020,11,coe,108.00711743772241,"Agriculture, forestry, fishing, and hunting",TRUE
2021,11,coe,108.36298932384341,"Agriculture, forestry, fishing, and hunting",TRUE
2022,11,coe,119.2170818505338,"Agriculture, forestry, fishing, and hunting",TRUE
2023,11,coe,127.22419928825622,"Agriculture, forestry, fishing, and hunting",TRUE
2019,11,gos,100,"Agriculture, forestry, fishing, and hunting",TRUE
2020,11,gos,116.78023850085178,"Agriculture, forestry, fishing, and hunting",TRUE
2021,11,gos,155.28109028960816,"Agriculture, forestry, fishing, and hunting",TRUE
2022,11,gos,189.1822827938671,"Agriculture, forestry, fishing, and hunting",TRUE
2023,11,gos,167.54684838160136,"Agriculture, forestry, fishing, and hunting",TRUE
2019,11,taxes,100,"Agriculture, forestry, fishing, and hunting",TRUE
2020,11,taxes,371.27659574468083,"Agriculture, forestry, fishing, and hunting",TRUE
2021,11,taxes,155.3191489361702,"Agriculture, forestry, fishing, and hunting",TRUE
2022,11,taxes,-9.574468085106382,"Agriculture, forestry, fishing, and hunting",TRUE
2023,11,taxes,-62.76595744680851,"Agriculture, forestry, fishing, and hunting",TRUE
2019,111CA,coe,100,Farms,FALSE
2020,111CA,coe,106.99300699300699,Farms,FALSE
2021,111CA,coe,106.99300699300699,Farms,FALSE
2022,111CA,coe,124.82517482517484,Farms,FALSE
2023,111CA,coe,131.46853146853147,Farms,FALSE
2019,111CA,gos,100,Farms,FALSE
2020,111CA,gos,116.90408357075025,Farms,FALSE
2021,111CA,gos,160.3988603988604,Farms,FALSE
2022,111CA,gos,197.53086419753086,Farms,FALSE
2023,111CA,gos,172.1747388414055,Farms,FALSE
2019,111CA,taxes,100,Farms,FALSE
2020,111CA,taxes,307.07964601769913,Farms,FALSE
2021,111CA,taxes,139.8230088495575,Farms,FALSE
2022,111CA,taxes,15.929203539823007,Farms,FALSE
2023,111CA,taxes,-29.203539823008846,Farms,FALSE
2019,113FF,coe,100,"Forestry, fishing, and related activities",FALSE
2020,113FF,coe,109.45454545454545,"Forestry, fishing, and related activities",FALSE
2021,113FF,coe,110.18181818181819,"Forestry, fishing, and related activities",FALSE
2022,113FF,coe,113.81818181818181,"Forestry, fishing, and related activities",FALSE
2023,113FF,coe,123.27272727272727,"Forestry, fishing, and related activities",FALSE
2019,113FF,gos,100,"Forestry, fishing, and related activities",FALSE
2020,113FF,gos,115.70247933884298,"Forestry, fishing, and related activities",FALSE
2021,113FF,gos,110.74380165289257,"Forestry, fishing, and related activities",FALSE
2022,113FF,gos,116.52892561983471,"Forestry, fishing, and related activities",FALSE
2023,113FF,gos,127.27272727272728,"Forestry, fishing, and related activities",FALSE
2019,113FF,taxes,100,"Forestry, fishing, and related activities",FALSE
2020,113FF,taxes,-10.526315789473685,"Forestry, fishing, and related activities",FALSE
2021,113FF,taxes,63.15789473684211,"Forestry, fishing, and related activities",FALSE
2022,113FF,taxes,142.10526315789474,"Forestry, fishing, and related activities",FALSE
2023,113FF,taxes,136.8421052631579,"Forestry, fishing, and related activities",FALSE
2019,21,coe,100,Mining,TRUE
2020,21,coe,81.43851508120649,Mining,TRUE
2021,21,coe,77.61020881670534,Mining,TRUE
2022,21,coe,90.02320185614848,Mining,TRUE
2023,21,coe,101.27610208816705,Mining,TRUE
2019,21,gos,100,Mining,TRUE
2020,21,gos,58.40978593272171,Mining,TRUE
2021,21,gos,132.96636085626912,Mining,TRUE
2022,21,gos,193.76146788990826,Mining,TRUE
2023,21,gos,161.16207951070336,Mining,TRUE
2019,21,taxes,100,Mining,TRUE
2020,21,taxes,81.941309255079,Mining,TRUE
2021,21,taxes,107.44920993227991,Mining,TRUE
2022,21,taxes,149.2099322799097,Mining,TRUE
2023,21,taxes,137.69751693002257,Mining,TRUE
2019,211,coe,100,Oil and gas extraction,FALSE
2020,211,coe,89.6103896103896,Oil and gas extraction,FALSE
2021,211,coe,78.24675324675324,Oil and gas extraction,FALSE
2022,211,coe,85.38961038961038,Oil and gas extraction,FALSE
2023,211,coe,94.15584415584415,Oil and gas extraction,FALSE
2019,211,gos,100,Oil and gas extraction,FALSE
2020,211,gos,40.50991501416431,Oil and gas extraction,FALSE
2021,211,gos,147.30878186968837,Oil and gas extraction,FALSE
2022,211,gos,225.2124645892351,Oil and gas extraction,FALSE
2023,211,gos,168.0830972615675,Oil and gas extraction,FALSE
2019,211,taxes,100,Oil and gas extraction,FALSE
2020,211,taxes,90.58171745152356,Oil and gas extraction,FALSE
2021,211,taxes,114.12742382271468,Oil and gas extraction,FALSE
2022,211,taxes,150.41551246537395,Oil and gas extraction,FALSE
2023,211,taxes,138.50415512465372,Oil and gas extraction,FALSE
2019,212,coe,100,"Mining, except oil and gas",FALSE
2020,212,coe,92.10526315789474,"Mining, except oil and gas",FALSE
2021,212,coe,97.89473684210527,"Mining, except oil and gas",FALSE
2022,212,coe,107.36842105263156,"Mining, except oil and gas",FALSE
2023,212,coe,117.36842105263158,"Mining, except oil and gas",FALSE
2019,212,gos,100,"Mining, except oil and gas",FALSE
2020,212,gos,125.53191489361703,"Mining, except oil and gas",FALSE
2021,212,gos,151.41843971631207,"Mining, except oil and gas",FALSE
2022,212,gos,173.40425531914894,"Mining, except oil and gas",FALSE
2023,212,gos,186.52482269503545,"Mining, except oil and gas",FALSE
2019,212,taxes,100,"Mining, except oil and gas",FALSE
2020,212,taxes,74.13793103448276,"Mining, except oil and gas",FALSE
2021,212,taxes,110.3448275862069,"Mining, except oil and gas",FALSE
2022,212,taxes,158.6206896551724,"Mining, except oil and gas",FALSE
2023,212,taxes,141.37931034482756,"Mining, except oil and gas",FALSE
2019,213,coe,100,Support activities for mining,FALSE
2020,213,coe,68.68131868131869,Support activities for mining,FALSE
2021,213,coe,66.20879120879121,Support activities for mining,FALSE
2022,213,coe,84.8901098901099,Support activities for mining,FALSE
2023,213,coe,98.62637362637363,Support activities for mining,FALSE
2019,213,gos,100,Support activities for mining,FALSE
2020,213,gos,58.16326530612246,Support activities for mining,FALSE
2021,213,gos,63.60544217687075,Support activities for mining,FALSE
2022,213,gos,100.34013605442178,Support activities for mining,FALSE
2023,213,gos,111.90476190476191,Support activities for mining,FALSE
2019,213,taxes,100,Support activities for mining,FALSE
2020,213,taxes,-29.166666666666668,Support activities for mining,FALSE
2021,213,taxes,0,Support activities for mining,FALSE
2022,213,taxes,112.5,Support activities for mining,FALSE
2023,213,taxes,116.66666666666667,Support activities for mining,FALSE
2019,22,coe,100,Utilities,TRUE
2020,22,coe,106.37087599544937,Utilities,TRUE
2021,22,coe,107.73606370875994,Utilities,TRUE
2022,22,coe,109.8976109215017,Utilities,TRUE
2023,22,coe,110.80773606370876,Utilities,TRUE
2019,22,gos,100,Utilities,TRUE
2020,22,gos,105.02540937323546,Utilities,TRUE
2021,22,gos,127.55505364201017,Utilities,TRUE
2022,22,gos,153.02089215132693,Utilities,TRUE
2023,22,gos,152.23037831733487,Utilities,TRUE
2019,22,taxes,100,Utilities,TRUE
2020,22,taxes,99.39939939939941,Utilities,TRUE
2021,22,taxes,105.25525525525525,Utilities,TRUE
2022,22,taxes,114.11411411411413,Utilities,TRUE
2023,22,taxes,119.36936936936938,Utilities,TRUE
2019,23,coe,100,Construction,TRUE
2020,23,coe,99.89973262032085,Construction,TRUE
2021,23,coe,106.43382352941177,Construction,TRUE
2022,23,coe,116.22660427807487,Construction,TRUE
2023,23,coe,124.33155080213905,Construction,TRUE
2019,23,gos,100,Construction,TRUE
2020,23,gos,120.74592074592076,Construction,TRUE
2021,23,gos,116.52097902097903,Construction,TRUE
2022,23,gos,118.00699300699301,Construction,TRUE
2023,23,gos,134.58624708624708,Construction,TRUE
2019,23,taxes,100,Construction,TRUE
2020,23,taxes,-481.4159292035398,Construction,TRUE
2021,23,taxes,-222.12389380530973,Construction,TRUE
2022,23,taxes,122.12389380530972,Construction,TRUE
2023,23,taxes,130.08849557522123,Construction,TRUE
2019,31-32-33,coe,100,Manufacturing,TRUE
2020,31-32-33,coe,98.75132837407013,Manufacturing,TRUE
2021,31-32-33,coe,104.62274176408077,Manufacturing,TRUE
2022,31-32-33,coe,111.99964576691463,Manufacturing,TRUE
2023,31-32-33,coe,117.33085370173573,Manufacturing,TRUE
2019,31-32-33,gos,100,Manufacturing,TRUE
2020,31-32-33,gos,95.60901107292861,Manufacturing,TRUE
2021,31-32-33,gos,111.89385261550211,Manufacturing,TRUE
2022,31-32-33,gos,125.76365024818634,Manufacturing,TRUE
2023,31-32-33,gos,134.53608247422682,Manufacturing,TRUE
2019,31-32-33,taxes,100,Manufacturing,TRUE
2020,31-32-33,taxes,35.76086956521739,Manufacturing,TRUE
2021,31-32-33,taxes,60,Manufacturing,TRUE
2022,31-32-33,taxes,111.08695652173913,Manufacturing,TRUE
2023,31-32-33,taxes,115.32608695652173,Manufacturing,TRUE
2019,311FT,coe,100,Food and beverage and tobacco products,FALSE
2020,311FT,coe,104.9342105263158,Food and beverage and tobacco products,FALSE
2021,311FT,coe,111.5953947368421,Food and beverage and tobacco products,FALSE
2022,311FT,coe,122.20394736842105,Food and beverage and tobacco products,FALSE
2023,311FT,coe,125.41118421052632,Food and beverage and tobacco products,FALSE
2019,311FT,gos,100,Food and beverage and tobacco products,FALSE
2020,311FT,gos,114.82391482391482,Food and beverage and tobacco products,FALSE
2021,311FT,gos,120.8845208845209,Food and beverage and tobacco products,FALSE
2022,311FT,gos,97.37919737919738,Food and beverage and tobacco products,FALSE
2023,311FT,gos,126.12612612612614,Food and beverage and tobacco products,FALSE
2019,311FT,taxes,100,Food and beverage and tobacco products,FALSE
2020,311FT,taxes,73.79310344827586,Food and beverage and tobacco products,FALSE
2021,311FT,taxes,80.6896551724138,Food and beverage and tobacco products,FALSE
2022,311FT,taxes,101.37931034482759,Food and beverage and tobacco products,FALSE
2023,311FT,taxes,98.96551724137932,Food and beverage and tobacco products,FALSE
2019,313TT,coe,100,Textile mills and textile product mills,FALSE
2020,313TT,coe,92.74193548387096,Textile mills and textile product mills,FALSE
2021,313TT,coe,99.19354838709677,Textile mills and textile product mills,FALSE
2022,313TT,coe,104.83870967741935,Textile mills and textile product mills,FALSE
2023,313TT,coe,101.61290322580645,Textile mills and textile product mills,FALSE
2019,313TT,gos,100,Textile mills and textile product mills,FALSE
2020,313TT,gos,127.02702702702702,Textile mills and textile product mills,FALSE
2021,313TT,gos,121.62162162162161,Textile mills and textile product mills,FALSE
2022,313TT,gos,97.29729729729729,Textile mills and textile product mills,FALSE
2023,313TT,gos,97.29729729729729,Textile mills and textile product mills,FALSE
2019,313TT,taxes,100,Textile mills and textile product mills,FALSE
2020,313TT,taxes,-66.66666666666667,Textile mills and textile product mills,FALSE
2021,313TT,taxes,16.666666666666668,Textile mills and textile product mills,FALSE
2022,313TT,taxes,116.66666666666667,Textile mills and textile product mills,FALSE
2023,313TT,taxes,133.33333333333334,Textile mills and textile product mills,FALSE
2019,315AL,coe,100,Apparel and leather and allied products,FALSE
2020,315AL,coe,88.15789473684211,Apparel and leather and allied products,FALSE
2021,315AL,coe,96.05263157894737,Apparel and leather and allied products,FALSE
2022,315AL,coe,105.26315789473685,Apparel and leather and allied products,FALSE
2023,315AL,coe,103.94736842105263,Apparel and leather and allied products,FALSE
2019,315AL,gos,100,Apparel and leather and allied products,FALSE
2020,315AL,gos,205.88235294117646,Apparel and leather and allied products,FALSE
2021,315AL,gos,247.05882352941177,Apparel and leather and allied products,FALSE
2022,315AL,gos,229.41176470588235,Apparel and leather and allied products,FALSE
2023,315AL,gos,241.17647058823528,Apparel and leather and allied products,FALSE
2019,315AL,taxes,100,Apparel and leather and allied products,FALSE
2020,315AL,taxes,-266.6666666666667,Apparel and leather and allied products,FALSE
2021,315AL,taxes,-266.6666666666667,Apparel and leather and allied products,FALSE
2022,315AL,taxes,133.33333333333334,Apparel and leather and allied products,FALSE
2023,315AL,taxes,133.33333333333334,Apparel and leather and allied products,FALSE
2019,321,coe,100,Wood products,FALSE
2020,321,coe,103.2520325203252,Wood products,FALSE
2021,321,coe,114.6341463414634,Wood products,FALSE
2022,321,coe,127.64227642276423,Wood products,FALSE
2023,321,coe,129.2682926829268,Wood products,FALSE
2019,321,gos,100,Wood products,FALSE
2020,321,gos,164.60176991150445,Wood products,FALSE
2021,321,gos,275.2212389380531,Wood products,FALSE
2022,321,gos,280.53097345132744,Wood products,FALSE
2023,321,gos,258.4070796460177,Wood products,FALSE
2019,321,taxes,100,Wood products,FALSE
2020,321,taxes,-122.22222222222223,Wood products,FALSE
2021,321,taxes,-11.11111111111111,Wood products,FALSE
2022,321,taxes,111.11111111111111,Wood products,FALSE
2023,321,taxes,122.22222222222223,Wood products,FALSE
2019,322,coe,100,Paper products,FALSE
2020,322,coe,98.46153846153847,Paper products,FALSE
2021,322,coe,100,Paper products,FALSE
2022,322,coe,106.46153846153847,Paper products,FALSE
2023,322,coe,109.53846153846153,Paper products,FALSE
2019,322,gos,100,Paper products,FALSE
2020,322,gos,113.42756183745583,Paper products,FALSE
2021,322,gos,107.42049469964664,Paper products,FALSE
2022,322,gos,118.02120141342756,Paper products,FALSE
2023,322,gos,129.68197879858658,Paper products,FALSE
2019,322,taxes,100,Paper products,FALSE
2020,322,taxes,50,Paper products,FALSE
2021,322,taxes,85,Paper products,FALSE
2022,322,taxes,114.99999999999999,Paper products,FALSE
2023,322,taxes,120,Paper products,FALSE
2019,323,coe,100,Printing and related support activities,FALSE
2020,323,coe,91.72932330827066,Printing and related support activities,FALSE
2021,323,coe,92.48120300751879,Printing and related support activities,FALSE
2022,323,coe,98.87218045112782,Printing and related support activities,FALSE
2023,323,coe,100.37593984962406,Printing and related support activities,FALSE
2019,323,gos,100,Printing and related support activities,FALSE
2020,323,gos,98.57142857142857,Printing and related support activities,FALSE
2021,323,gos,110.71428571428571,Printing and related support activities,FALSE
2022,323,gos,102.14285714285714,Printing and related support activities,FALSE
2023,323,gos,107.85714285714286,Printing and related support activities,FALSE
2019,323,taxes,100,Printing and related support activities,FALSE
2020,323,taxes,-225,Printing and related support activities,FALSE
2021,323,taxes,-162.5,Printing and related support activities,FALSE
2022,323,taxes,125,Printing and related support activities,FALSE
2023,323,taxes,125,Printing and related support activities,FALSE
2019,324,coe,100,Petroleum and coal products,FALSE
2020,324,coe,95.23809523809524,Petroleum and coal products,FALSE
2021,324,coe,90.47619047619048,Petroleum and coal products,FALSE
2022,324,coe,96.66666666666667,Petroleum and coal products,FALSE
2023,324,coe,102.38095238095238,Petroleum and coal products,FALSE
2019,324,gos,100,Petroleum and coal products,FALSE
2020,324,gos,30.990685859441154,Petroleum and coal products,FALSE
2021,324,gos,101.35478408128705,Petroleum and coal products,FALSE
2022,324,gos,173.4970364098222,Petroleum and coal products,FALSE
2023,324,gos,160.79593564775615,Petroleum and coal products,FALSE
2019,324,taxes,100,Petroleum and coal products,FALSE
2020,324,taxes,88.37209302325581,Petroleum and coal products,FALSE
2021,324,taxes,102.32558139534885,Petroleum and coal products,FALSE
2022,324,taxes,118.60465116279069,Petroleum and coal products,FALSE
2023,324,taxes,125.58139534883722,Petroleum and coal products,FALSE
2019,325,coe,100,Chemical products,FALSE
2020,325,coe,103.62976406533575,Chemical products,FALSE
2021,325,coe,107.07803992740472,Chemical products,FALSE
2022,325,coe,114.33756805807622,Chemical products,FALSE
2023,325,coe,118.78402903811252,Chemical products,FALSE
2019,325,gos,100,Chemical products,FALSE
2020,325,gos,107.05258866693845,Chemical products,FALSE
2021,325,gos,132.93925805136567,Chemical products,FALSE
2022,325,gos,152.30330207908682,Chemical products,FALSE
2023,325,gos,154.01549123522216,Chemical products,FALSE
2019,325,taxes,100,Chemical products,FALSE
2020,325,taxes,81.34715025906735,Chemical products,FALSE
2021,325,taxes,89.11917098445595,Chemical products,FALSE
2022,325,taxes,112.95336787564766,Chemical products,FALSE
2023,325,taxes,120.20725388601036,Chemical products,FALSE
2019,326,coe,100,Plastics and rubber products,FALSE
2020,326,coe,100,Plastics and rubber products,FALSE
2021,326,coe,107.70750988142292,Plastics and rubber products,FALSE
2022,326,coe,116.00790513833992,Plastics and rubber products,FALSE
2023,326,coe,119.76284584980237,Plastics and rubber products,FALSE
2019,326,gos,100,Plastics and rubber products,FALSE
2020,326,gos,95.26813880126183,Plastics and rubber products,FALSE
2021,326,gos,86.43533123028391,Plastics and rubber products,FALSE
2022,326,gos,105.04731861198736,Plastics and rubber products,FALSE
2023,326,gos,108.20189274447948,Plastics and rubber products,FALSE
2019,326,taxes,100,Plastics and rubber products,FALSE
2020,326,taxes,-20.833333333333336,Plastics and rubber products,FALSE
2021,326,taxes,41.66666666666667,Plastics and rubber products,FALSE
2022,326,taxes,112.5,Plastics and rubber products,FALSE
2023,326,taxes,116.66666666666667,Plastics and rubber products,FALSE
2019,327,coe,100,Nonmetallic mineral products,FALSE
2020,327,coe,98.74213836477988,Nonmetallic mineral products,FALSE
2021,327,coe,104.0880503144654,Nonmetallic mineral products,FALSE
2022,327,coe,111.63522012578616,Nonmetallic mineral products,FALSE
2023,327,coe,118.23899371069182,Nonmetallic mineral products,FALSE
2019,327,gos,100,Nonmetallic mineral products,FALSE
2020,327,gos,110.50847457627118,Nonmetallic mineral products,FALSE
2021,327,gos,114.57627118644066,Nonmetallic mineral products,FALSE
2022,327,gos,116.94915254237289,Nonmetallic mineral products,FALSE
2023,327,gos,125.42372881355932,Nonmetallic mineral products,FALSE
2019,327,taxes,100,Nonmetallic mineral products,FALSE
2020,327,taxes,-11.764705882352942,Nonmetallic mineral products,FALSE
2021,327,taxes,52.94117647058824,Nonmetallic mineral products,FALSE
2022,327,taxes,117.64705882352942,Nonmetallic mineral products,FALSE
2023,327,taxes,123.52941176470588,Nonmetallic mineral products,FALSE
2019,331,coe,100,Primary metals,FALSE
2020,331,coe,90.88235294117646,Primary metals,FALSE
2021,331,coe,101.47058823529412,Primary metals,FALSE
2022,331,coe,112.05882352941177,Primary metals,FALSE
2023,331,coe,118.23529411764707,Primary metals,FALSE
2019,331,gos,100,Primary metals,FALSE
2020,331,gos,78.75816993464052,Primary metals,FALSE
2021,331,gos,119.93464052287582,Primary metals,FALSE
2022,331,gos,142.15686274509804,Primary metals,FALSE
2023,331,gos,132.02614379084966,Primary metals,FALSE
2019,331,taxes,100,Primary metals,FALSE
2020,331,taxes,42.85714285714286,Primary metals,FALSE
2021,331,taxes,71.42857142857143,Primary metals,FALSE
2022,331,taxes,114.28571428571429,Primary metals,FALSE
2023,331,taxes,121.42857142857143,Primary metals,FALSE
2019,332,coe,100,Fabricated metal products,FALSE
2020,332,coe,95.13564078578109,Fabricated metal products,FALSE
2021,332,coe,101.0289990645463,Fabricated metal products,FALSE
2022,332,coe,108.60617399438728,Fabricated metal products,FALSE
2023,332,coe,114.8737137511693,Fabricated metal products,FALSE
2019,332,gos,100,Fabricated metal products,FALSE
2020,332,gos,110.43841336116911,Fabricated metal products,FALSE
2021,332,gos,88.51774530271399,Fabricated metal products,FALSE
2022,332,gos,114.19624217118998,Fabricated metal products,FALSE
2023,332,gos,127.13987473903967,Fabricated metal products,FALSE
2019,332,taxes,100,Fabricated metal products,FALSE
2020,332,taxes,-160,Fabricated metal products,FALSE
2021,332,taxes,-62.5,Fabricated metal products,FALSE
2022,332,taxes,120,Fabricated metal products,FALSE
2023,332,taxes,125,Fabricated metal products,FALSE
2019,333,coe,100,Machinery,FALSE
2020,333,coe,94.30814524043178,Machinery,FALSE
2021,333,coe,100,Machinery,FALSE
2022,333,coe,107.94896957801765,Machinery,FALSE
2023,333,coe,114.3277723258096,Machinery,FALSE
2019,333,gos,100,Machinery,FALSE
2020,333,gos,103.08529945553539,Machinery,FALSE
2021,333,gos,100,Machinery,FALSE
2022,333,gos,110.52631578947368,Machinery,FALSE
2023,333,gos,143.19419237749548,Machinery,FALSE
2019,333,taxes,100,Machinery,FALSE
2020,333,taxes,-72.5,Machinery,FALSE
2021,333,taxes,10,Machinery,FALSE
2022,333,taxes,117.5,Machinery,FALSE
2023,333,taxes,125,Machinery,FALSE
2019,334,coe,100,Computer and electronic products,FALSE
2020,334,coe,105.39702233250621,Computer and electronic products,FALSE
2021,334,coe,114.08188585607941,Computer and electronic products,FALSE
2022,334,coe,116.12903225806453,Computer and electronic products,FALSE
2023,334,coe,122.51861042183624,Computer and electronic products,FALSE
2019,334,gos,100,Computer and electronic products,FALSE
2020,334,gos,102.08333333333333,Computer and electronic products,FALSE
2021,334,gos,105,Computer and electronic products,FALSE
2022,334,gos,105.10416666666667,Computer and electronic products,FALSE
2023,334,gos,103.33333333333333,Computer and electronic products,FALSE
2019,334,taxes,100,Computer and electronic products,FALSE
2020,334,taxes,62.63736263736264,Computer and electronic products,FALSE
2021,334,taxes,85.71428571428572,Computer and electronic products,FALSE
2022,334,taxes,117.58241758241759,Computer and electronic products,FALSE
2023,334,taxes,126.37362637362638,Computer and electronic products,FALSE
2019,335,coe,100,"Electrical equipment, appliances, and components",FALSE
2020,335,coe,97.90575916230365,"Electrical equipment, appliances, and components",FALSE
2021,335,coe,104.18848167539265,"Electrical equipment, appliances, and components",FALSE
2022,335,coe,109.94764397905759,"Electrical equipment, appliances, and components",FALSE
2023,335,coe,117.80104712041884,"Electrical equipment, appliances, and components",FALSE
2019,335,gos,100,"Electrical equipment, appliances, and components",FALSE
2020,335,gos,100.48076923076923,"Electrical equipment, appliances, and components",FALSE
2021,335,gos,101.92307692307692,"Electrical equipment, appliances, and components",FALSE
2022,335,gos,127.88461538461539,"Electrical equipment, appliances, and components",FALSE
2023,335,gos,143.75,"Electrical equipment, appliances, and components",FALSE
2019,335,taxes,100,"Electrical equipment, appliances, and components",FALSE
2020,335,taxes,-60,"Electrical equipment, appliances, and components",FALSE
2021,335,taxes,20,"Electrical equipment, appliances, and components",FALSE
2022,335,taxes,120,"Electrical equipment, appliances, and components",FALSE
2023,335,taxes,120,"Electrical equipment, appliances, and components",FALSE
2019,3361MV,coe,100,"Motor vehicles, bodies and trailers, and parts",FALSE
2020,3361MV,coe,90.7845579078456,"Motor vehicles, bodies and trailers, and parts",FALSE
2021,3361MV,coe,99.5018679950187,"Motor vehicles, bodies and trailers, and parts",FALSE
2022,3361MV,coe,109.9626400996264,"Motor vehicles, bodies and trailers, and parts",FALSE
2023,3361MV,coe,116.68742216687423,"Motor vehicles, bodies and trailers, and parts",FALSE
2019,3361MV,gos,100,"Motor vehicles, bodies and trailers, and parts",FALSE
2020,3361MV,gos,87.98449612403098,"Motor vehicles, bodies and trailers, and parts",FALSE
2021,3361MV,gos,79.7157622739018,"Motor vehicles, bodies and trailers, and parts",FALSE
2022,3361MV,gos,86.82170542635659,"Motor vehicles, bodies and trailers, and parts",FALSE
2023,3361MV,gos,100.25839793281652,"Motor vehicles, bodies and trailers, and parts",FALSE
2019,3361MV,taxes,100,"Motor vehicles, bodies and trailers, and parts",FALSE
2020,3361MV,taxes,39.024390243902445,"Motor vehicles, bodies and trailers, and parts",FALSE
2021,3361MV,taxes,39.024390243902445,"Motor vehicles, bodies and trailers, and parts",FALSE
2022,3361MV,taxes,114.63414634146342,"Motor vehicles, bodies and trailers, and parts",FALSE
2023,3361MV,taxes,124.39024390243902,"Motor vehicles, bodies and trailers, and parts",FALSE
2019,3364OT,coe,100,Other transportation equipment,FALSE
2020,3364OT,coe,96.34285714285714,Other transportation equipment,FALSE
2021,3364OT,coe,95.54285714285714,Other transportation equipment,FALSE
2022,3364OT,coe,103.31428571428572,Other transportation equipment,FALSE
2023,3364OT,coe,113.71428571428571,Other transportation equipment,FALSE
2019,3364OT,gos,100,Other transportation equipment,FALSE
2020,3364OT,gos,77.97062750333778,Other transportation equipment,FALSE
2021,3364OT,gos,91.72229639519358,Other transportation equipment,FALSE
2022,3364OT,gos,88.51802403204272,Other transportation equipment,FALSE
2023,3364OT,gos,116.02136181575433,Other transportation equipment,FALSE
2019,3364OT,taxes,100,Other transportation equipment,FALSE
2020,3364OT,taxes,35.483870967741936,Other transportation equipment,FALSE
2021,3364OT,taxes,22.58064516129032,Other transportation equipment,FALSE
2022,3364OT,taxes,119.35483870967741,Other transportation equipment,FALSE
2023,3364OT,taxes,129.03225806451613,Other transportation equipment,FALSE
2019,337,coe,100,Furniture and related products,FALSE
2020,337,coe,97.32142857142858,Furniture and related products,FALSE
2021,337,coe,105.35714285714286,Furniture and related products,FALSE
2022,337,coe,111.16071428571429,Furniture and related products,FALSE
2023,337,coe,109.82142857142858,Furniture and related products,FALSE
2019,337,gos,100,Furniture and related products,FALSE
2020,337,gos,125.33333333333333,Furniture and related products,FALSE
2021,337,gos,98.66666666666667,Furniture and related products,FALSE
2022,337,gos,90.66666666666667,Furniture and related products,FALSE
2023,337,gos,94.66666666666667,Furniture and related products,FALSE
2019,337,taxes,100,Furniture and related products,FALSE
2020,337,taxes,-340,Furniture and related products,FALSE
2021,337,taxes,-200,Furniture and related products,FALSE
2022,337,taxes,100,Furniture and related products,FALSE
2023,337,taxes,120,Furniture and related products,FALSE
2019,339,coe,100,Miscellaneous manufacturing,FALSE
2020,339,coe,97.05882352941177,Miscellaneous manufacturing,FALSE
2021,339,coe,105.5363321799308,Miscellaneous manufacturing,FALSE
2022,339,coe,112.9757785467128,Miscellaneous manufacturing,FALSE
2023,339,coe,116.78200692041523,Miscellaneous manufacturing,FALSE
2019,339,gos,100,Miscellaneous manufacturing,FALSE
2020,339,gos,120.25316455696202,Miscellaneous manufacturing,FALSE
2021,339,gos,119.9367088607595,Miscellaneous manufacturing,FALSE
2022,339,gos,121.51898734177215,Miscellaneous manufacturing,FALSE
2023,339,gos,148.1012658227848,Miscellaneous manufacturing,FALSE
2019,339,taxes,100,Miscellaneous manufacturing,FALSE
2020,339,taxes,-104.76190476190477,Miscellaneous manufacturing,FALSE
2021,339,taxes,-38.095238095238095,Miscellaneous manufacturing,FALSE
2022,339,taxes,114.28571428571428,Miscellaneous manufacturing,FALSE
2023,339,taxes,119.04761904761904,Miscellaneous manufacturing,FALSE
2019,42,coe,100,Wholesale trade,TRUE
2020,42,coe,100.68039391226499,Wholesale trade,TRUE
2021,42,coe,108.7018800358102,Wholesale trade,TRUE
2022,42,coe,119.42703670546106,Wholesale trade,TRUE
2023,42,coe,126.53536257833483,Wholesale trade,TRUE
2019,42,gos,100,Wholesale trade,TRUE
2020,42,gos,111.48293963254594,Wholesale trade,TRUE
2021,42,gos,112.62029746281715,Wholesale trade,TRUE
2022,42,gos,131.10236220472441,Wholesale trade,TRUE
2023,42,gos,139.58880139982503,Wholesale trade,TRUE
2019,42,taxes,100,Wholesale trade,TRUE
2020,42,taxes,81.71469228032728,Wholesale trade,TRUE
2021,42,taxes,104.26894343649947,Wholesale trade,TRUE
2022,42,taxes,117.07577374599785,Wholesale trade,TRUE
2023,42,taxes,109.6051227321238,Wholesale trade,TRUE
2019,44-45,coe,100,Retail trade,TRUE
2020,44-45,coe,102.65378125479369,Retail trade,TRUE
2021,44-45,coe,114.72618499769904,Retail trade,TRUE
2022,44-45,coe,117.87083908574935,Retail trade,TRUE
2023,44-45,coe,123.4391777880043,Retail trade,TRUE
2019,44-45,gos,100,Retail trade,TRUE
2020,44-45,gos,122.75675675675676,Retail trade,TRUE
2021,44-45,gos,144.1891891891892,Retail trade,TRUE
2022,44-45,gos,144.75675675675674,Retail trade,TRUE
2023,44-45,gos,170.75675675675674,Retail trade,TRUE
2019,44-45,taxes,100,Retail trade,TRUE
2020,44-45,taxes,81.97105983574502,Retail trade,TRUE
2021,44-45,taxes,99.21783339851389,Retail trade,TRUE
2022,44-45,taxes,127.02385608134533,Retail trade,TRUE
2023,44-45,taxes,131.3648807195933,Retail trade,TRUE
2019,441,coe,100,Motor vehicle and parts dealers,FALSE
2020,441,coe,99.92217898832685,Motor vehicle and parts dealers,FALSE
2021,441,coe,121.47859922178988,Motor vehicle and parts dealers,FALSE
2022,441,coe,126.147859922179,Motor vehicle and parts dealers,FALSE
2023,441,coe,130.3501945525292,Motor vehicle and parts dealers,FALSE
2019,441,gos,100,Motor vehicle and parts dealers,FALSE
2020,441,gos,119.33774834437087,Motor vehicle and parts dealers,FALSE
2021,441,gos,145.03311258278146,Motor vehicle and parts dealers,FALSE
2022,441,gos,145.6953642384106,Motor vehicle and parts dealers,FALSE
2023,441,gos,163.841059602649,Motor vehicle and parts dealers,FALSE
2019,441,taxes,100,Motor vehicle and parts dealers,FALSE
2020,441,taxes,68.78504672897195,Motor vehicle and parts dealers,FALSE
2021,441,taxes,96.26168224299066,Motor vehicle and parts dealers,FALSE
2022,441,taxes,127.4766355140187,Motor vehicle and parts dealers,FALSE
2023,441,taxes,131.77570093457945,Motor vehicle and parts dealers,FALSE
2019,445,coe,100,Food and beverage stores,FALSE
2020,445,coe,109.86460348162475,Food and beverage stores,FALSE
2021,445,coe,111.41199226305609,Food and beverage stores,FALSE
2022,445,coe,117.50483558994196,Food and beverage stores,FALSE
2023,445,coe,128.43326885880077,Food and beverage stores,FALSE
2019,445,gos,100,Food and beverage stores,FALSE
2020,445,gos,147.9892761394102,Food and beverage stores,FALSE
2021,445,gos,150.67024128686327,Food and beverage stores,FALSE
2022,445,gos,142.0911528150134,Food and beverage stores,FALSE
2023,445,gos,167.0241286863271,Food and beverage stores,FALSE
2019,445,taxes,100,Food and beverage stores,FALSE
2020,445,taxes,80,Food and beverage stores,FALSE
2021,445,taxes,92.5,Food and beverage stores,FALSE
2022,445,taxes,126.42857142857143,Food and beverage stores,FALSE
2023,445,taxes,131.07142857142858,Food and beverage stores,FALSE
2019,452,coe,100,General merchandise stores,FALSE
2020,452,coe,103.61944157187176,General merchandise stores,FALSE
2021,452,coe,115.09824198552224,General merchandise stores,FALSE
2022,452,coe,119.23474663908996,General merchandise stores,FALSE
2023,452,coe,121.61323681489141,General merchandise stores,FALSE
2019,452,gos,100,General merchandise stores,FALSE
2020,452,gos,98.98477157360406,General merchandise stores,FALSE
2021,452,gos,128.93401015228426,General merchandise stores,FALSE
2022,452,gos,122.33502538071066,General merchandise stores,FALSE
2023,452,gos,143.14720812182742,General merchandise stores,FALSE
2019,452,taxes,100,General merchandise stores,FALSE
2020,452,taxes,97.70642201834862,General merchandise stores,FALSE
2021,452,taxes,106.65137614678899,General merchandise stores,FALSE
2022,452,taxes,127.5229357798165,General merchandise stores,FALSE
2023,452,taxes,131.65137614678898,General merchandise stores,FALSE
2019,459,coe,100,Other retail,FALSE
2020,459,coe,101.17537890504177,Other retail,FALSE
2021,459,coe,113.02196102690999,Other retail,FALSE
2022,459,coe,114.2901330034024,Other retail,FALSE
2023,459,coe,119.64120012372409,Other retail,FALSE
2019,459,gos,100,Other retail,FALSE
2020,459,gos,121.8013468013468,Other retail,FALSE
2021,459,gos,144.14983164983164,Other retail,FALSE
2022,459,gos,146.7171717171717,Other retail,FALSE
2023,459,gos,175.75757575757575,Other retail,FALSE
2019,459,taxes,100,Other retail,FALSE
2020,459,taxes,82.6186830015314,Other retail,FALSE
2021,459,taxes,99.46401225114855,Other retail,FALSE
2022,459,taxes,126.79938744257275,Other retail,FALSE
2023,459,taxes,131.16385911179174,Other retail,FALSE
2019,48-49,coe,100,Transportation and warehousing,TRUE
2020,48-49,coe,99.7568093385214,Transportation and warehousing,TRUE
2021,48-49,coe,112.08657587548639,Transportation and warehousing,TRUE
2022,48-49,coe,125.1215953307393,Transportation and warehousing,TRUE
2023,48-49,coe,132.12548638132293,Transportation and warehousing,TRUE
2019,48-49,gos,100,Transportation and warehousing,TRUE
2020,48-49,gos,93.50393700787401,Transportation and warehousing,TRUE
2021,48-49,gos,123.0708661417323,Transportation and warehousing,TRUE
2022,48-49,gos,137.99212598425197,Transportation and warehousing,TRUE
2023,48-49,gos,136.5748031496063,Transportation and warehousing,TRUE
2019,48-49,taxes,100,Transportation and warehousing,TRUE
2020,48-49,taxes,-20.089285714285715,Transportation and warehousing,TRUE
2021,48-49,taxes,4.464285714285714,Transportation and warehousing,TRUE
2022,48-49,taxes,114.28571428571429,Transportation and warehousing,TRUE
2023,48-49,taxes,119.64285714285715,Transportation and warehousing,TRUE
2019,481,coe,100,Air transportation,FALSE
2020,481,coe,91.25596184419715,Air transportation,FALSE
2021,481,coe,91.89189189189189,Air transportation,FALSE
2022,481,coe,105.4054054054054,Air transportation,FALSE
2023,481,coe,125.7551669316375,Air transportation,FALSE
2019,481,gos,100,Air transportation,FALSE
2020,481,gos,25.051334702258725,Air transportation,FALSE
2021,481,gos,77.61806981519506,Air transportation,FALSE
2022,481,gos,97.3305954825462,Air transportation,FALSE
2023,481,gos,108.0082135523614,Air transportation,FALSE
2019,481,taxes,100,Air transportation,FALSE
2020,481,taxes,-20.27972027972028,Air transportation,FALSE
2021,481,taxes,1.3986013986013985,Air transportation,FALSE
2022,481,taxes,115.38461538461537,Air transportation,FALSE
2023,481,taxes,122.02797202797203,Air transportation,FALSE
2019,482,coe,100,Rail transportation,FALSE
2020,482,coe,88.26086956521739,Rail transportation,FALSE
2021,482,coe,86.95652173913044,Rail transportation,FALSE
2022,482,coe,94.34782608695652,Rail transportation,FALSE
2023,482,coe,101.30434782608695,Rail transportation,FALSE
2019,482,gos,100,Rail transportation,FALSE
2020,482,gos,100.86580086580086,Rail transportation,FALSE
2021,482,gos,120.34632034632034,Rail transportation,FALSE
2022,482,gos,133.76623376623377,Rail transportation,FALSE
2023,482,gos,135.06493506493504,Rail transportation,FALSE
2019,482,taxes,100,Rail transportation,FALSE
2020,482,taxes,-1800,Rail transportation,FALSE
2021,482,taxes,-2700,Rail transportation,FALSE
2022,482,taxes,-700,Rail transportation,FALSE
2023,482,taxes,-1500,Rail transportation,FALSE
2019,483,coe,100,Water transportation,FALSE
2020,483,coe,93.5064935064935,Water transportation,FALSE
2021,483,coe,94.8051948051948,Water transportation,FALSE
2022,483,coe,109.0909090909091,Water transportation,FALSE
2023,483,coe,119.48051948051946,Water transportation,FALSE
2019,483,gos,100,Water transportation,FALSE
2020,483,gos,74.24242424242425,Water transportation,FALSE
2021,483,gos,174.24242424242425,Water transportation,FALSE
2022,483,gos,195.45454545454547,Water transportation,FALSE
2023,483,gos,210.60606060606062,Water transportation,FALSE
2019,483,taxes,100,Water transportation,FALSE
2020,483,taxes,58.333333333333336,Water transportation,FALSE
2021,483,taxes,50,Water transportation,FALSE
2022,483,taxes,108.33333333333334,Water transportation,FALSE
2023,483,taxes,116.66666666666667,Water transportation,FALSE
2019,484,coe,100,Truck transportation,FALSE
2020,484,coe,98.91402714932127,Truck transportation,FALSE
2021,484,coe,109.77375565610859,Truck transportation,FALSE
2022,484,coe,120.4524886877828,Truck transportation,FALSE
2023,484,coe,121.26696832579185,Truck transportation,FALSE
2019,484,gos,100,Truck transportation,FALSE
2020,484,gos,111.70731707317073,Truck transportation,FALSE
2021,484,gos,132.1951219512195,Truck transportation,FALSE
2022,484,gos,146.58536585365854,Truck transportation,FALSE
2023,484,gos,141.9512195121951,Truck transportation,FALSE
2019,484,taxes,100,Truck transportation,FALSE
2020,484,taxes,-86,Truck transportation,FALSE
2021,484,taxes,14,Truck transportation,FALSE
2022,484,taxes,118,Truck transportation,FALSE
2023,484,taxes,124,Truck transportation,FALSE
2019,485,coe,100,Transit and ground passenger transportation,FALSE
2020,485,coe,72.11538461538461,Transit and ground passenger transportation,FALSE
2021,485,coe,81.41025641025641,Transit and ground passenger transportation,FALSE
2022,485,coe,92.94871794871796,Transit and ground passenger transportation,FALSE
2023,485,coe,107.6923076923077,Transit and ground passenger transportation,FALSE
2019,485,gos,100,Transit and ground passenger transportation,FALSE
2020,485,gos,85.16746411483254,Transit and ground passenger transportation,FALSE
2021,485,gos,111.00478468899523,Transit and ground passenger transportation,FALSE
2022,485,gos,121.53110047846891,Transit and ground passenger transportation,FALSE
2023,485,gos,155.50239234449762,Transit and ground passenger transportation,FALSE
2019,485,taxes,100,Transit and ground passenger transportation,FALSE
2020,485,taxes,21.73913043478261,Transit and ground passenger transportation,FALSE
2021,485,taxes,-73.91304347826087,Transit and ground passenger transportation,FALSE
2022,485,taxes,113.04347826086958,Transit and ground passenger transportation,FALSE
2023,485,taxes,121.73913043478262,Transit and ground passenger transportation,FALSE
2019,486,coe,100,Pipeline transportation,FALSE
2020,486,coe,98.83720930232559,Pipeline transportation,FALSE
2021,486,coe,95.34883720930232,Pipeline transportation,FALSE
2022,486,coe,103.48837209302326,Pipeline transportation,FALSE
2023,486,coe,116.27906976744187,Pipeline transportation,FALSE
2019,486,gos,100,Pipeline transportation,FALSE
2020,486,gos,98.49056603773585,Pipeline transportation,FALSE
2021,486,gos,110.94339622641509,Pipeline transportation,FALSE
2022,486,gos,119.62264150943396,Pipeline transportation,FALSE
2023,486,gos,128.30188679245282,Pipeline transportation,FALSE
2019,486,taxes,100,Pipeline transportation,FALSE
2020,486,taxes,100,Pipeline transportation,FALSE
2021,486,taxes,105.12820512820511,Pipeline transportation,FALSE
2022,486,taxes,112.82051282051283,Pipeline transportation,FALSE
2023,486,taxes,120.51282051282051,Pipeline transportation,FALSE
2019,487OS,coe,100,Other transportation and support activities,FALSE
2020,487OS,coe,105.5609756097561,Other transportation and support activities,FALSE
2021,487OS,coe,123.51219512195122,Other transportation and support activities,FALSE
2022,487OS,coe,133.65853658536585,Other transportation and support activities,FALSE
2023,487OS,coe,138.6341463414634,Other transportation and support activities,FALSE
2019,487OS,gos,100,Other transportation and support activities,FALSE
2020,487OS,gos,146.2532299741602,Other transportation and support activities,FALSE
2021,487OS,gos,177.51937984496124,Other transportation and support activities,FALSE
2022,487OS,gos,201.2919896640827,Other transportation and support activities,FALSE
2023,487OS,gos,159.68992248062014,Other transportation and support activities,FALSE
2019,487OS,taxes,100,Other transportation and support activities,FALSE
2020,487OS,taxes,-71.42857142857143,Other transportation and support activities,FALSE
2021,487OS,taxes,14.285714285714286,Other transportation and support activities,FALSE
2022,487OS,taxes,117.85714285714286,Other transportation and support activities,FALSE
2023,487OS,taxes,128.57142857142858,Other transportation and support activities,FALSE
2019,493,coe,100,Warehousing and storage,FALSE
2020,493,coe,118.67283950617286,Warehousing and storage,FALSE
2021,493,coe,145.37037037037038,Warehousing and storage,FALSE
2022,493,coe,169.7530864197531,Warehousing and storage,FALSE
2023,493,coe,172.6851851851852,Warehousing and storage,FALSE
2019,493,gos,100,Warehousing and storage,FALSE
2020,493,gos,63.15789473684211,Warehousing and storage,FALSE
2021,493,gos,75,Warehousing and storage,FALSE
2022,493,gos,56.578947368421055,Warehousing and storage,FALSE
2023,493,gos,59.21052631578948,Warehousing and storage,FALSE
2019,493,taxes,100,Warehousing and storage,FALSE
2020,493,taxes,-10,Warehousing and storage,FALSE
2021,493,taxes,30,Warehousing and storage,FALSE
2022,493,taxes,130,Warehousing and storage,FALSE
2023,493,taxes,140,Warehousing and storage,FALSE
2019,51,coe,100,Information,TRUE
2020,51,coe,106.37181409295353,Information,TRUE
2021,51,coe,127.0864567716142,Information,TRUE
2022,51,coe,128.5607196401799,Information,TRUE
2023,51,coe,135.00749625187404,Information,TRUE
2019,51,gos,100,Information,TRUE
2020,51,gos,103.37360047142016,Information,TRUE
2021,51,gos,109.70830878020035,Information,TRUE
2022,51,gos,115.60106069534473,Information,TRUE
2023,51,gos,128.49145550972304,Information,TRUE
2019,51,taxes,100,Information,TRUE
2020,51,taxes,84.61538461538461,Information,TRUE
2021,51,taxes,89.79591836734693,Information,TRUE
2022,51,taxes,107.06436420722135,Information,TRUE
2023,51,taxes,102.66875981161697,Information,TRUE
2019,511,coe,100,"Publishing industries, except internet (includes software)",FALSE
2020,511,coe,109.46843853820599,"Publishing industries, except internet (includes software)",FALSE
2021,511,coe,135.29900332225913,"Publishing industries, except internet (includes software)",FALSE
2022,511,coe,134.38538205980066,"Publishing industries, except internet (includes software)",FALSE
2023,511,coe,145.51495016611295,"Publishing industries, except internet (includes software)",FALSE
2019,511,gos,100,"Publishing industries, except internet (includes software)",FALSE
2020,511,gos,110.90548578982154,"Publishing industries, except internet (includes software)",FALSE
2021,511,gos,121.08393919365498,"Publishing industries, except internet (includes software)",FALSE
2022,511,gos,124.45472571050891,"Publishing industries, except internet (includes software)",FALSE
2023,511,gos,144.34897554527427,"Publishing industries, except internet (includes software)",FALSE
2019,511,taxes,100,"Publishing industries, except internet (includes software)",FALSE
2020,511,taxes,52.23880597014925,"Publishing industries, except internet (includes software)",FALSE
2021,511,taxes,77.61194029850746,"Publishing industries, except internet (includes software)",FALSE
2022,511,taxes,111.94029850746269,"Publishing industries, except internet (includes software)",FALSE
2023,511,taxes,119.40298507462687,"Publishing industries, except internet (includes software)",FALSE
2019,512,coe,100,Motion picture and sound recording industries,FALSE
2020,512,coe,84.94897959183672,Motion picture and sound recording industries,FALSE
2021,512,coe,110.45918367346938,Motion picture and sound recording industries,FALSE
2022,512,coe,120.15306122448979,Motion picture and sound recording industries,FALSE
2023,512,coe,101.53061224489794,Motion picture and sound recording industries,FALSE
2019,512,gos,100,Motion picture and sound recording industries,FALSE
2020,512,gos,90.02320185614848,Motion picture and sound recording industries,FALSE
2021,512,gos,110.20881670533642,Motion picture and sound recording industries,FALSE
2022,512,gos,141.06728538283062,Motion picture and sound recording industries,FALSE
2023,512,gos,156.61252900232017,Motion picture and sound recording industries,FALSE
2019,512,taxes,100,Motion picture and sound recording industries,FALSE
2020,512,taxes,58.730158730158735,Motion picture and sound recording industries,FALSE
2021,512,taxes,28.571428571428573,Motion picture and sound recording industries,FALSE
2022,512,taxes,90.47619047619048,Motion picture and sound recording industries,FALSE
2023,512,taxes,106.34920634920636,Motion picture and sound recording industries,FALSE
2019,513,coe,100,Broadcasting and telecommunications,FALSE
2020,513,coe,100,Broadcasting and telecommunications,FALSE
2021,513,coe,102.99823633156966,Broadcasting and telecommunications,FALSE
2022,513,coe,104.4973544973545,Broadcasting and telecommunications,FALSE
2023,513,coe,107.58377425044091,Broadcasting and telecommunications,FALSE
2019,513,gos,100,Broadcasting and telecommunications,FALSE
2020,513,gos,96.22202848009299,Broadcasting and telecommunications,FALSE
2021,513,gos,98.08195292066259,Broadcasting and telecommunications,FALSE
2022,513,gos,92.5893635571055,Broadcasting and telecommunications,FALSE
2023,513,gos,95.43737285672769,Broadcasting and telecommunications,FALSE
2019,513,taxes,100,Broadcasting and telecommunications,FALSE
2020,513,taxes,96.5986394557823,Broadcasting and telecommunications,FALSE
2021,513,taxes,98.86621315192744,Broadcasting and telecommunications,FALSE
2022,513,taxes,106.57596371882086,Broadcasting and telecommunications,FALSE
2023,513,taxes,96.3718820861678,Broadcasting and telecommunications,FALSE
2019,514,coe,100,"Data processing, internet publishing, and other information services",FALSE
2020,514,coe,115.64465408805032,"Data processing, internet publishing, and other information services",FALSE
2021,514,coe,145.91194968553458,"Data processing, internet publishing, and other information services",FALSE
2022,514,coe,147.0125786163522,"Data processing, internet publishing, and other information services",FALSE
2023,514,coe,159.82704402515722,"Data processing, internet publishing, and other information services",FALSE
2019,514,gos,100,"Data processing, internet publishing, and other information services",FALSE
2020,514,gos,116.89237348538845,"Data processing, internet publishing, and other information services",FALSE
2021,514,gos,125.73057733428367,"Data processing, internet publishing, and other information services",FALSE
2022,514,gos,154.66856735566643,"Data processing, internet publishing, and other information services",FALSE
2023,514,gos,183.82038488952242,"Data processing, internet publishing, and other information services",FALSE
2019,514,taxes,100,"Data processing, internet publishing, and other information services",FALSE
2020,514,taxes,62.12121212121212,"Data processing, internet publishing, and other information services",FALSE
2021,514,taxes,98.48484848484848,"Data processing, internet publishing, and other information services",FALSE
2022,514,taxes,122.72727272727273,"Data processing, internet publishing, and other information services",FALSE
2023,514,taxes,124.24242424242424,"Data processing, internet publishing, and other information services",FALSE
2019,52,coe,100,Finance and insurance,TRUE
2020,52,coe,107.12775951150775,Finance and insurance,TRUE
2021,52,coe,116.32221700328793,Finance and insurance,TRUE
2022,52,coe,119.95068107092531,Finance and insurance,TRUE
2023,52,coe,124.7299201503053,Finance and insurance,TRUE
2019,52,gos,100,Finance and insurance,TRUE
2020,52,gos,100.14895057549086,Finance and insurance,TRUE
2021,52,gos,109.3026404874746,Finance and insurance,TRUE
2022,52,gos,113.79823967501693,Finance and insurance,TRUE
2023,52,gos,118.46987136086662,Finance and insurance,TRUE
2019,52,taxes,100,Finance and insurance,TRUE
2020,52,taxes,106.76328502415458,Finance and insurance,TRUE
2021,52,taxes,98.55072463768116,Finance and insurance,TRUE
2022,52,taxes,118.67954911433172,Finance and insurance,TRUE
2023,52,taxes,126.40901771336554,Finance and insurance,TRUE
2019,521CI,coe,100,"Federal Reserve banks, credit intermediation, and related activities",FALSE
2020,521CI,coe,110.25552486187844,"Federal Reserve banks, credit intermediation, and related activities",FALSE
2021,521CI,coe,120.68370165745856,"Federal Reserve banks, credit intermediation, and related activities",FALSE
2022,521CI,coe,118.33563535911601,"Federal Reserve banks, credit intermediation, and related activities",FALSE
2023,521CI,coe,120.68370165745856,"Federal Reserve banks, credit intermediation, and related activities",FALSE
2019,521CI,gos,100,"Federal Reserve banks, credit intermediation, and related activities",FALSE
2020,521CI,gos,101.18715083798882,"Federal Reserve banks, credit intermediation, and related activities",FALSE
2021,521CI,gos,109.91620111731844,"Federal Reserve banks, credit intermediation, and related activities",FALSE
2022,521CI,gos,119.11080074487896,"Federal Reserve banks, credit intermediation, and related activities",FALSE
2023,521CI,gos,125.65176908752325,"Federal Reserve banks, credit intermediation, and related activities",FALSE
2019,521CI,taxes,100,"Federal Reserve banks, credit intermediation, and related activities",FALSE
2020,521CI,taxes,89.95215311004786,"Federal Reserve banks, credit intermediation, and related activities",FALSE
2021,521CI,taxes,97.60765550239233,"Federal Reserve banks, credit intermediation, and related activities",FALSE
2022,521CI,taxes,115.311004784689,"Federal Reserve banks, credit intermediation, and related activities",FALSE
2023,521CI,taxes,115.311004784689,"Federal Reserve banks, credit intermediation, and related activities",FALSE
2019,523,coe,100,"Securities, commodity contracts, and investments",FALSE
2020,523,coe,105.06717850287907,"Securities, commodity contracts, and investments",FALSE
2021,523,coe,120.23032629558541,"Securities, commodity contracts, and investments",FALSE
2022,523,coe,125.1823416506718,"Securities, commodity contracts, and investments",FALSE
2023,523,coe,129.59692898272553,"Securities, commodity contracts, and investments",FALSE
2019,523,gos,100,"Securities, commodity contracts, and investments",FALSE
2020,523,gos,271.54471544715443,"Securities, commodity contracts, and investments",FALSE
2021,523,gos,314.6341463414634,"Securities, commodity contracts, and investments",FALSE
2022,523,gos,134.95934959349594,"Securities, commodity contracts, and investments",FALSE
2023,523,gos,134.14634146341461,"Securities, commodity contracts, and investments",FALSE
2019,523,taxes,100,"Securities, commodity contracts, and investments",FALSE
2020,523,taxes,48.387096774193544,"Securities, commodity contracts, and investments",FALSE
2021,523,taxes,98.38709677419355,"Securities, commodity contracts, and investments",FALSE
2022,523,taxes,125.80645161290322,"Securities, commodity contracts, and investments",FALSE
2023,523,taxes,132.258064516129,"Securities, commodity contracts, and investments",FALSE
2019,524,coe,100,Insurance carriers and related activities,FALSE
2020,524,coe,105.79370395177493,Insurance carriers and related activities,FALSE
2021,524,coe,108.43938379102478,Insurance carriers and related activities,FALSE
2022,524,coe,116.34293369055592,Insurance carriers and related activities,FALSE
2023,524,coe,123.57669122572001,Insurance carriers and related activities,FALSE
2019,524,gos,100,Insurance carriers and related activities,FALSE
2020,524,gos,91.82579564489113,Insurance carriers and related activities,FALSE
2021,524,gos,93.63484087102178,Insurance carriers and related activities,FALSE
2022,524,gos,99.96649916247905,Insurance carriers and related activities,FALSE
2023,524,gos,102.78056951423785,Insurance carriers and related activities,FALSE
2019,524,taxes,100,Insurance carriers and related activities,FALSE
2020,524,taxes,129.15451895043734,Insurance carriers and related activities,FALSE
2021,524,taxes,99.12536443148689,Insurance carriers and related activities,FALSE
2022,524,taxes,119.53352769679302,Insurance carriers and related activities,FALSE
2023,524,taxes,132.36151603498544,Insurance carriers and related activities,FALSE
2019,525,coe,100,"Funds, trusts, and other financial vehicles",FALSE
2020,525,coe,121.42857142857143,"Funds, trusts, and other financial vehicles",FALSE
2021,525,coe,146.42857142857142,"Funds, trusts, and other financial vehicles",FALSE
2022,525,coe,189.2857142857143,"Funds, trusts, and other financial vehicles",FALSE
2023,525,coe,217.85714285714286,"Funds, trusts, and other financial vehicles",FALSE
2019,525,gos,100,"Funds, trusts, and other financial vehicles",FALSE
2020,525,gos,144.44444444444443,"Funds, trusts, and other financial vehicles",FALSE
2021,525,gos,-933.3333333333333,"Funds, trusts, and other financial vehicles",FALSE
2022,525,gos,-761.1111111111111,"Funds, trusts, and other financial vehicles",FALSE
2023,525,gos,-661.1111111111111,"Funds, trusts, and other financial vehicles",FALSE
2019,525,taxes,100,"Funds, trusts, and other financial vehicles",FALSE
2020,525,taxes,37.5,"Funds, trusts, and other financial vehicles",FALSE
2021,525,taxes,75,"Funds, trusts, and other financial vehicles",FALSE
2022,525,taxes,100,"Funds, trusts, and other financial vehicles",FALSE
2023,525,taxes,100,"Funds, trusts, and other financial vehicles",FALSE
2019,53,coe,100,Real estate and rental and leasing,TRUE
2020,53,coe,99.82311320754717,Real estate and rental and leasing,TRUE
2021,53,coe,112.02830188679246,Real estate and rental and leasing,TRUE
2022,53,coe,122.8183962264151,Real estate and rental and leasing,TRUE
2023,53,coe,126.59198113207547,Real estate and rental and leasing,TRUE
2019,53,gos,100,Real estate and rental and leasing,TRUE
2020,53,gos,105.1770178309932,Real estate and rental and leasing,TRUE
2021,53,gos,113.29141183564475,Real estate and rental and leasing,TRUE
2022,53,gos,125.32948574381945,Real estate and rental and leasing,TRUE
2023,53,gos,137.47092772848652,Real estate and rental and leasing,TRUE
2019,53,taxes,100,Real estate and rental and leasing,TRUE
2020,53,taxes,95.13513513513513,Real estate and rental and leasing,TRUE
2021,53,taxes,103.08426073131956,Real estate and rental and leasing,TRUE
2022,53,taxes,115.64387917329094,Real estate and rental and leasing,TRUE
2023,53,taxes,123.84737678855326,Real estate and rental and leasing,TRUE
2019,531,coe,100,Real estate,FALSE
2020,531,coe,103.26086956521738,Real estate,FALSE
2021,531,coe,116.45962732919254,Real estate,FALSE
2022,531,coe,125.69875776397514,Real estate,FALSE
2023,531,coe,127.79503105590061,Real estate,FALSE
2019,531,gos,100,Real estate,FALSE
2020,531,gos,105.07929104477611,Real estate,FALSE
2021,531,gos,112.53264925373134,Real estate,FALSE
2022,531,gos,124.50093283582089,Real estate,FALSE
2023,531,gos,136.28264925373134,Real estate,FALSE
2019,531,taxes,100,Real estate,FALSE
2020,531,taxes,96.14987968374012,Real estate,FALSE
2021,531,taxes,103.78136816775523,Real estate,FALSE
2022,531,taxes,115.43485733929187,Real estate,FALSE
2023,531,taxes,123.96012375386732,Real estate,FALSE
2019,532RL,coe,100,Rental and leasing services and lessors of intangible assets,FALSE
2020,532RL,coe,89.2156862745098,Rental and leasing services and lessors of intangible assets,FALSE
2021,532RL,coe,98.03921568627452,Rental and leasing services and lessors of intangible assets,FALSE
2022,532RL,coe,113.72549019607844,Rental and leasing services and lessors of intangible assets,FALSE
2023,532RL,coe,122.79411764705883,Rental and leasing services and lessors of intangible assets,FALSE
2019,532RL,gos,100,Rental and leasing services and lessors of intangible assets,FALSE
2020,532RL,gos,106.35545556805398,Rental and leasing services and lessors of intangible assets,FALSE
2021,532RL,gos,122.44094488188976,Rental and leasing services and lessors of intangible assets,FALSE
2022,532RL,gos,135.32058492688412,Rental and leasing services and lessors of intangible assets,FALSE
2023,532RL,gos,151.79977502812145,Rental and leasing services and lessors of intangible assets,FALSE
2019,532RL,taxes,100,Rental and leasing services and lessors of intangible assets,FALSE
2020,532RL,taxes,82.97872340425532,Rental and leasing services and lessors of intangible assets,FALSE
2021,532RL,taxes,95.31914893617021,Rental and leasing services and lessors of intangible assets,FALSE
2022,532RL,taxes,118.72340425531915,Rental and leasing services and lessors of intangible assets,FALSE
2023,532RL,taxes,122.97872340425532,Rental and leasing services and lessors of intangible assets,FALSE
2019,54,coe,100,"Professional, scientific, and technical services",TRUE
2020,54,coe,104.23706324635118,"Professional, scientific, and technical services",TRUE
2021,54,coe,116.14329942503318,"Professional, scientific, and technical services",TRUE
2022,54,coe,126.63423264042459,"Professional, scientific, and technical services",TRUE
2023,54,coe,134.10880141530296,"Professional, scientific, and technical services",TRUE
2019,54,gos,100,"Professional, scientific, and technical services",TRUE
2020,54,gos,107.70993957074391,"Professional, scientific, and technical services",TRUE
2021,54,gos,114.27380704313398,"Professional, scientific, and technical services",TRUE
2022,54,gos,118.48301729526986,"Professional, scientific, and technical services",TRUE
2023,54,gos,134.75724109189417,"Professional, scientific, and technical services",TRUE
2019,54,taxes,100,"Professional, scientific, and technical services",TRUE
2020,54,taxes,-51.16822429906542,"Professional, scientific, and technical services",TRUE
2021,54,taxes,49.06542056074767,"Professional, scientific, and technical services",TRUE
2022,54,taxes,141.3551401869159,"Professional, scientific, and technical services",TRUE
2023,54,taxes,138.08411214953273,"Professional, scientific, and technical services",TRUE
2019,5411,coe,100,Legal services,FALSE
2020,5411,coe,102.15727209464164,Legal services,FALSE
2021,5411,coe,110.5775922059847,Legal services,FALSE
2022,5411,coe,116.97981906750175,Legal services,FALSE
2023,5411,coe,122.54697286012527,Legal services,FALSE
2019,5411,gos,100,Legal services,FALSE
2020,5411,gos,105.29182879377433,Legal services,FALSE
2021,5411,gos,115.87548638132296,Legal services,FALSE
2022,5411,gos,119.92217898832685,Legal services,FALSE
2023,5411,gos,126.7704280155642,Legal services,FALSE
2019,5411,taxes,100,Legal services,FALSE
2020,5411,taxes,35.55555555555556,Legal services,FALSE
2021,5411,taxes,103.88888888888889,Legal services,FALSE
2022,5411,taxes,147.77777777777777,Legal services,FALSE
2023,5411,taxes,132.22222222222223,Legal services,FALSE
2019,5412OP,coe,100,"Miscellaneous professional, scientific, and technical services",FALSE
2020,5412OP,coe,103.9102847867788,"Miscellaneous professional, scientific, and technical services",FALSE
2021,5412OP,coe,114.85908218975948,"Miscellaneous professional, scientific, and technical services",FALSE
2022,5412OP,coe,127.65235354876788,"Miscellaneous professional, scientific, and technical services",FALSE
2023,5412OP,coe,136.0779105799026,"Miscellaneous professional, scientific, and technical services",FALSE
2019,5412OP,gos,100,"Miscellaneous professional, scientific, and technical services",FALSE
2020,5412OP,gos,107.93650793650794,"Miscellaneous professional, scientific, and technical services",FALSE
2021,5412OP,gos,118.87508626639061,"Miscellaneous professional, scientific, and technical services",FALSE
2022,5412OP,gos,124.53416149068323,"Miscellaneous professional, scientific, and technical services",FALSE
2023,5412OP,gos,146.48033126293996,"Miscellaneous professional, scientific, and technical services",FALSE
2019,5412OP,taxes,100,"Miscellaneous professional, scientific, and technical services",FALSE
2020,5412OP,taxes,-150.88757396449705,"Miscellaneous professional, scientific, and technical services",FALSE
2021,5412OP,taxes,-14.201183431952664,"Miscellaneous professional, scientific, and technical services",FALSE
2022,5412OP,taxes,129.58579881656806,"Miscellaneous professional, scientific, and technical services",FALSE
2023,5412OP,taxes,138.46153846153848,"Miscellaneous professional, scientific, and technical services",FALSE
2019,5415,coe,100,Computer systems design and related services,FALSE
2020,5415,coe,105.92041410546747,Computer systems design and related services,FALSE
2021,5415,coe,121.54642510514395,Computer systems design and related services,FALSE
2022,5415,coe,128.85797476544806,Computer systems design and related services,FALSE
2023,5415,coe,135.19896473633128,Computer systems design and related services,FALSE
2019,5415,gos,100,Computer systems design and related services,FALSE
2020,5415,gos,111.68831168831169,Computer systems design and related services,FALSE
2021,5415,gos,89.28571428571428,Computer systems design and related services,FALSE
2022,5415,gos,87.01298701298701,Computer systems design and related services,FALSE
2023,5415,gos,96.42857142857143,Computer systems design and related services,FALSE
2019,5415,taxes,100,Computer systems design and related services,FALSE
2020,5415,taxes,-35,Computer systems design and related services,FALSE
2021,5415,taxes,60,Computer systems design and related services,FALSE
2022,5415,taxes,150,Computer systems design and related services,FALSE
2023,5415,taxes,150,Computer systems design and related services,FALSE
2019,55,coe,100,Management of companies and enterprises,TRUE
2020,55,coe,99.88808058198099,Management of companies and enterprises,TRUE
2021,55,coe,110.07274762171238,Management of companies and enterprises,TRUE
2022,55,coe,119.55791829882486,Management of companies and enterprises,TRUE
2023,55,coe,124.28651371012872,Management of companies and enterprises,TRUE
2019,55,gos,100,Management of companies and enterprises,TRUE
2020,55,gos,101.31233595800525,Management of companies and enterprises,TRUE
2021,55,gos,103.6745406824147,Management of companies and enterprises,TRUE
2022,55,gos,113.38582677165354,Management of companies and enterprises,TRUE
2023,55,gos,121.25984251968504,Management of companies and enterprises,TRUE
2019,55,taxes,100,Management of companies and enterprises,TRUE
2020,55,taxes,83.00000000000001,Management of companies and enterprises,TRUE
2021,55,taxes,91.99999999999999,Management of companies and enterprises,TRUE
2022,55,taxes,121,Management of companies and enterprises,TRUE
2023,55,taxes,127,Management of companies and enterprises,TRUE
2019,56,coe,100,Administrative and waste management services,TRUE
2020,56,coe,99.26440539436045,Administrative and waste management services,TRUE
2021,56,coe,111.05435226808338,Administrative and waste management services,TRUE
2022,56,coe,125.29628116060485,Administrative and waste management services,TRUE
2023,56,coe,128.81078872088273,Administrative and waste management services,TRUE
2019,56,gos,100,Administrative and waste management services,TRUE
2020,56,gos,106.43985419198056,Administrative and waste management services,TRUE
2021,56,gos,117.31470230862698,Administrative and waste management services,TRUE
2022,56,gos,123.8760631834751,Administrative and waste management services,TRUE
2023,56,gos,142.77035236938033,Administrative and waste management services,TRUE
2019,56,taxes,100,Administrative and waste management services,TRUE
2020,56,taxes,-75.15527950310559,Administrative and waste management services,TRUE
2021,56,taxes,19.875776397515526,Administrative and waste management services,TRUE
2022,56,taxes,127.32919254658384,Administrative and waste management services,TRUE
2023,56,taxes,132.29813664596273,Administrative and waste management services,TRUE
2019,561,coe,100,Administrative and support services,FALSE
2020,561,coe,98.94551845342707,Administrative and support services,FALSE
2021,561,coe,111.07205623901582,Administrative and support services,FALSE
2022,561,coe,125.7469244288225,Administrative and support services,FALSE
2023,561,coe,128.47100175746922,Administrative and support services,FALSE
2019,561,gos,100,Administrative and support services,FALSE
2020,561,gos,105.20471894517696,Administrative and support services,FALSE
2021,561,gos,115.54476058292853,Administrative and support services,FALSE
2022,561,gos,122.06800832755032,Administrative and support services,FALSE
2023,561,gos,141.36016655100624,Administrative and support services,FALSE
2019,561,taxes,100,Administrative and support services,FALSE
2020,561,taxes,-116.80672268907563,Administrative and support services,FALSE
2021,561,taxes,-4.201680672268908,Administrative and support services,FALSE
2022,561,taxes,130.25210084033614,Administrative and support services,FALSE
2023,561,taxes,135.29411764705884,Administrative and support services,FALSE
2019,562,coe,100,Waste management and remediation services,FALSE
2020,562,coe,103.2069970845481,Waste management and remediation services,FALSE
2021,562,coe,110.20408163265306,Waste management and remediation services,FALSE
2022,562,coe,119.24198250728864,Waste management and remediation services,FALSE
2023,562,coe,132.9446064139942,Waste management and remediation services,FALSE
2019,562,gos,100,Waste management and remediation services,FALSE
2020,562,gos,115.1219512195122,Waste management and remediation services,FALSE
2021,562,gos,129.7560975609756,Waste management and remediation services,FALSE
2022,562,gos,136.58536585365854,Waste management and remediation services,FALSE
2023,562,gos,152.6829268292683,Waste management and remediation services,FALSE
2019,562,taxes,100,Waste management and remediation services,FALSE
2020,562,taxes,43.90243902439025,Waste management and remediation services,FALSE
2021,562,taxes,90.2439024390244,Waste management and remediation services,FALSE
2022,562,taxes,124.39024390243902,Waste management and remediation services,FALSE
2023,562,taxes,126.82926829268294,Waste management and remediation services,FALSE
2019,61,coe,100,Educational services,TRUE
2020,61,coe,100.93676814988291,Educational services,TRUE
2021,61,coe,106.69789227166277,Educational services,TRUE
2022,61,coe,112.36533957845434,Educational services,TRUE
2023,61,coe,118.36065573770492,Educational services,TRUE
2019,61,gos,100,Educational services,TRUE
2020,61,gos,73.97849462365592,Educational services,TRUE
2021,61,gos,81.07526881720432,Educational services,TRUE
2022,61,gos,86.23655913978494,Educational services,TRUE
2023,61,gos,99.78494623655914,Educational services,TRUE
2019,61,taxes,100,Educational services,TRUE
2020,61,taxes,54.36893203883495,Educational services,TRUE
2021,61,taxes,42.71844660194175,Educational services,TRUE
2022,61,taxes,117.4757281553398,Educational services,TRUE
2023,61,taxes,126.2135922330097,Educational services,TRUE
2019,62,coe,100,Health care and social assistance,TRUE
2020,62,coe,104.1281247611039,Health care and social assistance,TRUE
2021,62,coe,109.94572280406697,Health care and social assistance,TRUE
2022,62,coe,117.83502790306552,Health care and social assistance,TRUE
2023,62,coe,126.20594755752619,Health care and social assistance,TRUE
2019,62,gos,100,Health care and social assistance,TRUE
2020,62,gos,115.48721748795852,Health care and social assistance,TRUE
2021,62,gos,124.4535012967766,Health care and social assistance,TRUE
2022,62,gos,109.11448684698037,Health care and social assistance,TRUE
2023,62,gos,130.3816228232679,Health care and social assistance,TRUE
2019,62,taxes,100,Health care and social assistance,TRUE
2020,62,taxes,-164.9025069637883,Health care and social assistance,TRUE
2021,62,taxes,-110.86350974930362,Health care and social assistance,TRUE
2022,62,taxes,65.73816155988858,Health care and social assistance,TRUE
2023,62,taxes,100.55710306406685,Health care and social assistance,TRUE
2019,621,coe,100,Ambulatory health care services,FALSE
2020,621,coe,102.22405271828666,Ambulatory health care services,FALSE
2021,621,coe,111.54859967051071,Ambulatory health care services,FALSE
2022,621,coe,118.36902800658979,Ambulatory health care services,FALSE
2023,621,coe,126.12850082372323,Ambulatory health care services,FALSE
2019,621,gos,100,Ambulatory health care services,FALSE
2020,621,gos,118.86678722121759,Ambulatory health care services,FALSE
2021,621,gos,125.07534659433394,Ambulatory health care services,FALSE
2022,621,gos,109.76491862567812,Ambulatory health care services,FALSE
2023,621,gos,133.99638336347198,Ambulatory health care services,FALSE
2019,621,taxes,100,Ambulatory health care services,FALSE
2020,621,taxes,-524.5283018867925,Ambulatory health care services,FALSE
2021,621,taxes,-346.2264150943397,Ambulatory health care services,FALSE
2022,621,taxes,52.83018867924528,Ambulatory health care services,FALSE
2023,621,taxes,118.86792452830188,Ambulatory health care services,FALSE
2019,622,coe,100,Hospitals,FALSE
2020,622,coe,104.18713450292398,Hospitals,FALSE
2021,622,coe,107.88304093567251,Hospitals,FALSE
2022,622,coe,115.39181286549707,Hospitals,FALSE
2023,622,coe,122.80701754385964,Hospitals,FALSE
2019,622,gos,100,Hospitals,FALSE
2020,622,gos,108.35380835380835,Hospitals,FALSE
2021,622,gos,115.60196560196559,Hospitals,FALSE
2022,622,gos,105.89680589680589,Hospitals,FALSE
2023,622,gos,121.86732186732186,Hospitals,FALSE
2019,622,taxes,100,Hospitals,FALSE
2020,622,taxes,29.375,Hospitals,FALSE
2021,622,taxes,68.75,Hospitals,FALSE
2022,622,taxes,96.875,Hospitals,FALSE
2023,622,taxes,122.50000000000001,Hospitals,FALSE
2019,623,coe,100,Nursing and residential care facilities,FALSE
2020,623,coe,110.42253521126761,Nursing and residential care facilities,FALSE
2021,623,coe,106.69014084507042,Nursing and residential care facilities,FALSE
2022,623,coe,114.15492957746478,Nursing and residential care facilities,FALSE
2023,623,coe,123.45070422535211,Nursing and residential care facilities,FALSE
2019,623,gos,100,Nursing and residential care facilities,FALSE
2020,623,gos,111.34020618556701,Nursing and residential care facilities,FALSE
2021,623,gos,114.43298969072166,Nursing and residential care facilities,FALSE
2022,623,gos,104.1237113402062,Nursing and residential care facilities,FALSE
2023,623,gos,128.8659793814433,Nursing and residential care facilities,FALSE
2019,623,taxes,100,Nursing and residential care facilities,FALSE
2020,623,taxes,-44.927536231884055,Nursing and residential care facilities,FALSE
2021,623,taxes,14.492753623188404,Nursing and residential care facilities,FALSE
2022,623,taxes,110.14492753623188,Nursing and residential care facilities,FALSE
2023,623,taxes,126.08695652173911,Nursing and residential care facilities,FALSE
2019,624,coe,100,Social assistance,FALSE
2020,624,coe,105.84662110858011,Social assistance,FALSE
2021,624,coe,112.68033409263478,Social assistance,FALSE
2022,624,coe,127.18299164768415,Social assistance,FALSE
2023,624,coe,140.39483675018982,Social assistance,FALSE
2019,624,gos,100,Social assistance,FALSE
2020,624,gos,120.3125,Social assistance,FALSE
2021,624,gos,182.03125,Social assistance,FALSE
2022,624,gos,125.78125000000001,Social assistance,FALSE
2023,624,gos,139.84374999999997,Social assistance,FALSE
2019,624,taxes,100,Social assistance,FALSE
2020,624,taxes,-220.83333333333334,Social assistance,FALSE
2021,624,taxes,-629.1666666666667,Social assistance,FALSE
2022,624,taxes,-216.66666666666669,Social assistance,FALSE
2023,624,taxes,-200,Social assistance,FALSE
2019,71,coe,100,"Arts, entertainment, and recreation",TRUE
2020,71,coe,81.10047846889952,"Arts, entertainment, and recreation",TRUE
2021,71,coe,95.53429027113238,"Arts, entertainment, and recreation",TRUE
2022,71,coe,115.07177033492825,"Arts, entertainment, and recreation",TRUE
2023,71,coe,126.15629984051034,"Arts, entertainment, and recreation",TRUE
2019,71,gos,100,"Arts, entertainment, and recreation",TRUE
2020,71,gos,61.84971098265896,"Arts, entertainment, and recreation",TRUE
2021,71,gos,97.10982658959537,"Arts, entertainment, and recreation",TRUE
2022,71,gos,103.23699421965318,"Arts, entertainment, and recreation",TRUE
2023,71,gos,121.5028901734104,"Arts, entertainment, and recreation",TRUE
2019,71,taxes,100,"Arts, entertainment, and recreation",TRUE
2020,71,taxes,61.6600790513834,"Arts, entertainment, and recreation",TRUE
2021,71,taxes,41.10671936758893,"Arts, entertainment, and recreation",TRUE
2022,71,taxes,120.94861660079052,"Arts, entertainment, and recreation",TRUE
2023,71,taxes,144.2687747035573,"Arts, entertainment, and recreation",TRUE
2019,711AS,coe,100,"Performing arts, spectator sports, museums, and related activities",FALSE
2020,711AS,coe,81.0810810810811,"Performing arts, spectator sports, museums, and related activities",FALSE
2021,711AS,coe,92.1921921921922,"Performing arts, spectator sports, museums, and related activities",FALSE
2022,711AS,coe,113.81381381381382,"Performing arts, spectator sports, museums, and related activities",FALSE
2023,711AS,coe,123.42342342342343,"Performing arts, spectator sports, museums, and related activities",FALSE
2019,711AS,gos,100,"Performing arts, spectator sports, museums, and related activities",FALSE
2020,711AS,gos,64.16539050535988,"Performing arts, spectator sports, museums, and related activities",FALSE
2021,711AS,gos,95.55895865237366,"Performing arts, spectator sports, museums, and related activities",FALSE
2022,711AS,gos,103.21592649310875,"Performing arts, spectator sports, museums, and related activities",FALSE
2023,711AS,gos,120.9800918836141,"Performing arts, spectator sports, museums, and related activities",FALSE
2019,711AS,taxes,100,"Performing arts, spectator sports, museums, and related activities",FALSE
2020,711AS,taxes,50,"Performing arts, spectator sports, museums, and related activities",FALSE
2021,711AS,taxes,-66.27906976744187,"Performing arts, spectator sports, museums, and related activities",FALSE
2022,711AS,taxes,70.93023255813954,"Performing arts, spectator sports, museums, and related activities",FALSE
2023,711AS,taxes,116.27906976744187,"Performing arts, spectator sports, museums, and related activities",FALSE
2019,713,coe,100,"Amusements, gambling, and recreation industries",FALSE
2020,713,coe,81.29251700680273,"Amusements, gambling, and recreation industries",FALSE
2021,713,coe,99.31972789115646,"Amusements, gambling, and recreation industries",FALSE
2022,713,coe,116.32653061224492,"Amusements, gambling, and recreation industries",FALSE
2023,713,coe,129.08163265306123,"Amusements, gambling, and recreation industries",FALSE
2019,713,gos,100,"Amusements, gambling, and recreation industries",FALSE
2020,713,gos,54.716981132075475,"Amusements, gambling, and recreation industries",FALSE
2021,713,gos,101.88679245283019,"Amusements, gambling, and recreation industries",FALSE
2022,713,gos,103.77358490566039,"Amusements, gambling, and recreation industries",FALSE
2023,713,gos,123.11320754716982,"Amusements, gambling, and recreation industries",FALSE
2019,713,taxes,100,"Amusements, gambling, and recreation industries",FALSE
2020,713,taxes,68.0722891566265,"Amusements, gambling, and recreation industries",FALSE
2021,713,taxes,96.98795180722892,"Amusements, gambling, and recreation industries",FALSE
2022,713,taxes,147.59036144578312,"Amusements, gambling, and recreation industries",FALSE
2023,713,taxes,159.03614457831324,"Amusements, gambling, and recreation industries",FALSE
2019,72,coe,100,Accommodation and food services,TRUE
2020,72,coe,79.89143261741799,Accommodation and food services,TRUE
2021,72,coe,100.49563370309181,Accommodation and food services,TRUE
2022,72,coe,116.87514751003069,Accommodation and food services,TRUE
2023,72,coe,127.37786169459525,Accommodation and food services,TRUE
2019,72,gos,100,Accommodation and food services,TRUE
2020,72,gos,89.95790739627179,Accommodation and food services,TRUE
2021,72,gos,156.58448586891157,Accommodation and food services,TRUE
2022,72,gos,113.1689717378232,Accommodation and food services,TRUE
2023,72,gos,147.26398075766684,Accommodation and food services,TRUE
2019,72,taxes,100,Accommodation and food services,TRUE
2020,72,taxes,36.31578947368421,Accommodation and food services,TRUE
2021,72,taxes,6.526315789473684,Accommodation and food services,TRUE
2022,72,taxes,126.63157894736842,Accommodation and food services,TRUE
2023,72,taxes,133.78947368421052,Accommodation and food services,TRUE
2019,721,coe,100,Accommodation,FALSE
2020,721,coe,74.34210526315789,Accommodation,FALSE
2021,721,coe,86.9517543859649,Accommodation,FALSE
2022,721,coe,101.97368421052632,Accommodation,FALSE
2023,721,coe,112.17105263157895,Accommodation,FALSE
2019,721,gos,100,Accommodation,FALSE
2020,721,gos,54.62304409672831,Accommodation,FALSE
2021,721,gos,105.26315789473685,Accommodation,FALSE
2022,721,gos,119.34566145092461,Accommodation,FALSE
2023,721,gos,142.38975817923188,Accommodation,FALSE
2019,721,taxes,100,Accommodation,FALSE
2020,721,taxes,61.07784431137724,Accommodation,FALSE
2021,721,taxes,66.46706586826348,Accommodation,FALSE
2022,721,taxes,122.75449101796407,Accommodation,FALSE
2023,721,taxes,129.34131736526948,Accommodation,FALSE
2019,722,coe,100,Food services and drinking places,FALSE
2020,722,coe,81.41353383458646,Food services and drinking places,FALSE
2021,722,coe,104.21052631578948,Food services and drinking places,FALSE
2022,722,coe,120.9624060150376,Food services and drinking places,FALSE
2023,722,coe,131.57894736842104,Food services and drinking places,FALSE
2019,722,gos,100,Food services and drinking places,FALSE
2020,722,gos,115.71279916753383,Food services and drinking places,FALSE
2021,722,gos,193.9646201873049,Food services and drinking places,FALSE
2022,722,gos,108.5327783558793,Food services and drinking places,FALSE
2023,722,gos,150.78043704474507,Food services and drinking places,FALSE
2019,722,taxes,100,Food services and drinking places,FALSE
2020,722,taxes,22.88961038961039,Food services and drinking places,FALSE
2021,722,taxes,-25.974025974025974,Food services and drinking places,FALSE
2022,722,taxes,128.73376623376623,Food services and drinking places,FALSE
2023,722,taxes,136.2012987012987,Food services and drinking places,FALSE
2019,81,coe,100,"Other services, except government",TRUE
2020,81,coe,99.94070560332048,"Other services, except government",TRUE
2021,81,coe,104.77319893270085,"Other services, except government",TRUE
2022,81,coe,116.42454788022532,"Other services, except government",TRUE
2023,81,coe,121.96857396975986,"Other services, except government",TRUE
2019,81,gos,100,"Other services, except government",TRUE
2020,81,gos,97.63572679509632,"Other services, except government",TRUE
2021,81,gos,115.41155866900176,"Other services, except government",TRUE
2022,81,gos,108.58143607705779,"Other services, except government",TRUE
2023,81,gos,125.83187390542905,"Other services, except government",TRUE
2019,81,taxes,100,"Other services, except government",TRUE
2020,81,taxes,7.984790874524714,"Other services, except government",TRUE
2021,81,taxes,-1.9011406844106464,"Other services, except government",TRUE
2022,81,taxes,123.95437262357414,"Other services, except government",TRUE
2023,81,taxes,130.41825095057033,"Other services, except government",TRUE
2019,GG,coe,100,Government,TRUE
2020,GG,coe,103.34909757745392,Government,TRUE
2021,GG,coe,106.52929253933019,Government,TRUE
2022,GG,coe,109.68535855612393,Government,TRUE
2023,GG,coe,116.24843161856964,Government,TRUE
2019,GG,gos,100,Government,TRUE
2020,GG,gos,105.309885606966,Government,TRUE
2021,GG,gos,111.13197882875191,Government,TRUE
2022,GG,gos,123.90302202492742,Government,TRUE
2023,GG,gos,127.04456206248932,Government,TRUE
2019,GG,taxes,100,Government,TRUE
2020,GG,taxes,166.66666666666666,Government,TRUE
2021,GG,taxes,175.3623188405797,Government,TRUE
2022,GG,taxes,217.75362318840578,Government,TRUE
2023,GG,taxes,173.55072463768116,Government,TRUE
2019,GGF,coe,100,Federal,FALSE
2020,GGF,coe,105.13750954927426,Federal,FALSE
2021,GGF,coe,109.60656990068755,Federal,FALSE
2022,GGF,coe,113.46447669977081,Federal,FALSE
2023,GGF,coe,121.2566844919786,Federal,FALSE
2019,GGF,gos,100,Federal,FALSE
2020,GGF,gos,105.36309127248501,Federal,FALSE
2021,GGF,gos,111.89207195203198,Federal,FALSE
2022,GGF,gos,120.81945369753498,Federal,FALSE
2023,GGF,gos,125.01665556295804,Federal,FALSE
2019,GGF,taxes,100,Federal,FALSE
2020,GGF,taxes,109.23076923076923,Federal,FALSE
2021,GGF,taxes,149.23076923076923,Federal,FALSE
2022,GGF,taxes,183.07692307692307,Federal,FALSE
2023,GGF,taxes,176.92307692307693,Federal,FALSE
2019,GGS,coe,100,State and local,FALSE
2020,GGS,coe,102.7444143096991,State and local,FALSE
2021,GGS,coe,105.48237117396359,State and local,FALSE
2022,GGS,coe,108.40759395583108,State and local,FALSE
2023,GGS,coe,114.55508200955703,State and local,FALSE
2019,GGS,gos,100,State and local,FALSE
2020,GGS,gos,105.29081990189209,State and local,FALSE
2021,GGS,gos,110.406447091801,State and local,FALSE
2022,GGS,gos,127.18990889978978,State and local,FALSE
2023,GGS,gos,129.18710581639806,State and local,FALSE
2019,GGS,taxes,100,State and local,FALSE
2020,GGS,taxes,183.49056603773585,State and local,FALSE
2021,GGS,taxes,182.54716981132077,State and local,FALSE
2022,GGS,taxes,226.8867924528302,State and local,FALSE
2023,GGS,taxes,171.69811320754718,State and local,FALSE
